list-none-m,1,1000,1,3000,11127096,3709,26
list-none-m,2,1000,1,6000,48042275,8007,7462
list-none-m,4,1000,1,12000,163138494,13594,37284
list-none-m,8,1000,1,24000,627667475,26152,160131
list-none-m,12,1000,1,36000,1360423371,37789,350192
list-none-m,16,1000,1,48000,2256494504,47010,581022
list-none-m,24,1000,1,72000,5184671410,72009,1333863
list-none-s,1,1000,1,3000,11199400,3733,23
list-none-s,2,1000,1,6000,59326337,9887,9412
list-none-s,4,1000,1,12000,111581983,9298,16956
list-none-s,8,1000,1,24000,482321218,20096,107520
list-none-s,12,1000,1,36000,1272121070,35336,314238
list-none-s,16,1000,1,48000,2322926184,48394,616287
list-none-s,24,1000,1,72000,6753512296,93798,1911182
list-id-m,1,10,4,30,150785,5026,120
list-id-m,1,20,4,60,143442,2390,73
list-id-m,1,40,4,120,186940,1557,48
list-id-m,1,80,4,240,244590,1019,37
list-id-m,12,10,4,360,561837,1560,1498
list-id-m,12,20,4,720,854624,1186,4992
list-id-m,12,40,4,1440,1855946,1288,8543
list-id-m,12,80,4,2880,4082692,1417,11224
list-id-m,4,10,4,120,157305,1310,367
list-id-m,4,20,4,240,278614,1160,315
list-id-m,4,40,4,480,619612,1290,1949
list-id-m,4,80,4,960,1143071,1190,1954
list-id-m,8,10,4,240,369986,1541,1950
list-id-m,8,20,4,480,562915,1172,2959
list-id-m,8,40,4,960,1233489,1284,5355
list-id-m,8,80,4,1920,2679238,1395,6865
list-id-m,16,10,4,480,617006,1285,3464
list-id-m,16,20,4,960,1167334,1215,8596
list-id-m,16,40,4,1920,2712040,1412,13715
list-id-m,16,80,4,3840,5450192,1419,15823
list-id-s,1,10,4,30,86165,2872,34
list-id-s,1,20,4,60,139791,2329,28
list-id-s,1,40,4,120,148178,1234,25
list-id-s,1,80,4,240,259847,1082,24
list-id-s,12,10,4,360,433680,1204,354
list-id-s,12,20,4,720,618019,858,3563
list-id-s,12,40,4,1440,1408371,978,6731
list-id-s,12,80,4,2880,3321741,1153,8577
list-id-s,4,10,4,120,172128,1434,311
list-id-s,4,20,4,240,248971,1037,266
list-id-s,4,40,4,480,425420,886,952
list-id-s,4,80,4,960,858840,894,1176
list-id-s,8,10,4,240,297330,1238,899
list-id-s,8,20,4,480,381392,794,1429
list-id-s,8,40,4,960,932577,971,3603
list-id-s,8,80,4,1920,2035478,1060,4455
list-id-s,16,10,4,480,565480,1178,251
list-id-s,16,20,4,960,795259,828,4140
list-id-s,16,40,4,1920,1985539,1034,9190
list-id-s,16,80,4,3840,5146981,1340,14543
list-none-m,1,1000,4,3000,3200769,1066,26
list-none-m,2,1000,4,6000,16090560,2681,1276
list-none-m,4,1000,4,12000,36341280,3028,5374
list-none-m,8,1000,4,24000,87089994,3628,18689
list-none-m,12,1000,4,36000,185509284,5153,47161
list-none-s,1,1000,4,3000,3153989,1051,23
list-none-s,2,1000,4,6000,8663265,1443,519
list-none-s,4,1000,4,12000,43873640,3656,5703
list-none-s,8,1000,4,24000,94453351,3935,19481
list-none-s,12,1000,4,36000,157203287,4366,36396
list-none-m,1,1000,8,3000,1889633,629,30
list-none-m,2,1000,8,6000,9173710,1528,549
list-none-m,4,1000,8,12000,18695359,1557,2065
list-none-m,8,1000,8,24000,39471693,1644,6667
list-none-m,12,1000,8,36000,72639847,2017,15305
list-none-s,1,1000,8,3000,1953135,651,23
list-none-s,2,1000,8,6000,8535485,1422,327
list-none-s,4,1000,8,12000,21850465,1820,1733
list-none-s,8,1000,8,24000,41071377,1711,5868
list-none-s,12,1000,8,36000,60527536,1681,11276
list-none-m,1,1000,16,3000,1255646,418,26
list-none-m,2,1000,16,6000,5722409,953,327
list-none-m,4,1000,16,12000,11074485,922,888
list-none-m,8,1000,16,24000,21119748,879,2708
list-none-m,12,1000,16,36000,31611121,878,5117
list-none-s,1,1000,16,3000,1215289,405,23
list-none-s,2,1000,16,6000,5104962,850,189
list-none-s,4,1000,16,12000,12218664,1018,707
list-none-s,8,1000,16,24000,20338377,847,2107
list-none-s,12,1000,16,36000,28073551,779,3979
list-id-none,1,1,4,3,80189,26729,86
list-id-none,1,2,4,6,105462,17577,50
list-id-none,1,4,4,12,103261,8605,35
list-id-none,1,8,4,24,84600,3525,25
list-id-none,1,16,4,48,148929,3102,20
list-id-none,12,1,4,36,440319,12231,86
list-id-none,12,2,4,72,407726,5662,44
list-id-none,12,4,4,144,413673,2872,32
list-id-none,12,8,4,288,462923,1607,27
list-id-none,4,1,4,12,158664,13222,85
list-id-none,4,2,4,24,194798,8116,51
list-id-none,4,4,4,48,187550,3907,36
list-id-none,4,8,4,96,192746,2007,30
list-id-none,4,16,4,192,193117,1005,28
list-id-none,8,1,4,24,298324,12430,72
list-id-none,8,2,4,48,313652,6534,53
list-id-none,8,4,4,96,319540,3328,44
list-id-none,8,8,4,192,304010,1583,27
list-id-none,8,16,4,384,318186,828,26
list-id-none,16,1,4,48,463114,9648,67
list-id-none,16,2,4,96,496500,5171,43
list-id-none,16,4,4,192,523306,2725,30
list-id-s,1,10,4,30,116028,3867,36
list-id-m,1,10,4,30,93341,3111,114
list-id-s,1,20,4,60,151330,2522,28
list-id-m,1,20,4,60,108897,1814,72
list-id-s,1,40,4,120,159909,1332,25
list-id-m,1,40,4,120,143981,1199,47
list-id-s,1,80,4,240,238343,993,24
list-id-m,1,80,4,240,240452,1001,37
list-id-s,4,10,4,120,185506,1545,114
list-id-m,4,10,4,120,207999,1733,881
list-id-s,4,20,4,240,230877,961,664
list-id-m,4,20,4,240,315547,1314,1325
list-id-s,4,40,4,480,382909,797,743
list-id-m,4,40,4,480,554443,1155,1563
list-id-s,4,80,4,960,861126,897,1193
list-id-m,4,80,4,960,1232723,1284,2065
list-id-s,8,10,4,240,298847,1245,53
list-id-m,8,10,4,240,382810,1595,2869
list-id-s,8,20,4,480,484039,1008,2229
list-id-m,8,20,4,480,595614,1240,3717
list-id-s,8,40,4,960,849260,884,3327
list-id-m,8,40,4,960,1105919,1151,4407
list-id-s,8,80,4,1920,1949492,1015,4343
list-id-m,8,80,4,1920,2522408,1313,5936
list-id-s,12,10,4,360,436014,1211,300
list-id-m,12,10,4,360,531493,1476,4023
list-id-s,12,20,4,720,652337,906,3294
list-id-m,12,20,4,720,838884,1165,5260
list-id-s,12,40,4,1440,1331235,924,5666
list-id-m,12,40,4,1440,1823344,1266,9011
list-id-s,12,80,4,2880,3351019,1163,8607
list-id-m,12,80,4,2880,3918499,1360,10826
list-id-s,16,10,4,480,471631,982,100
list-id-m,16,10,4,480,575683,1199,2198
list-id-s,16,20,4,960,816178,850,3590
list-id-m,16,20,4,960,1125065,1171,7702
list-id-s,16,40,4,1920,2089561,1088,10406
list-id-m,16,40,4,1920,2723435,1418,14493
list-id-s,16,80,4,3840,5205089,1355,15045
list-id-m,16,80,4,3840,5534622,1441,15831
list-none-s,1,1000,1,3000,11225448,3741,23
list-none-m,1,1000,1,3000,11404825,3801,26
list-none-s,1,1000,4,3000,3225193,1075,23
list-none-m,1,1000,4,3000,3202566,1067,26
list-none-s,1,1000,8,3000,1848450,616,23
list-none-m,1,1000,8,3000,1839496,613,26
list-none-s,1,1000,16,3000,1228954,409,23
list-none-m,1,1000,16,3000,1230471,410,26
list-none-s,2,1000,1,6000,34331405,5721,4454
list-none-m,2,1000,1,6000,52345301,8724,8707
list-none-s,2,1000,4,6000,15974937,2662,843
list-none-m,2,1000,4,6000,10736752,1789,923
list-none-s,2,1000,8,6000,6568095,1094,253
list-none-m,2,1000,8,6000,8773106,1462,557
list-none-s,2,1000,16,6000,4746931,791,164
list-none-m,2,1000,16,6000,5417608,902,314
list-none-s,4,1000,1,12000,107328395,8944,18004
list-none-m,4,1000,1,12000,174970816,14580,41892
list-none-s,4,1000,4,12000,37993315,3166,4971
list-none-m,4,1000,4,12000,33941338,2828,5055
list-none-s,4,1000,8,12000,21160544,1763,1731
list-none-m,4,1000,8,12000,18213630,1517,2005
list-none-s,4,1000,16,12000,11558232,963,675
list-none-m,4,1000,16,12000,9904775,825,831
list-none-s,8,1000,1,24000,602706824,25112,150310
list-none-m,8,1000,1,24000,658888720,27453,176655
list-none-s,8,1000,4,24000,89896972,3745,18194
list-none-m,8,1000,4,24000,86409963,3600,18586
list-none-s,8,1000,8,24000,39654397,1652,5780
list-none-m,8,1000,8,24000,39496006,1645,6582
list-none-s,8,1000,16,24000,19673001,819,1989
list-none-m,8,1000,16,24000,19354693,806,2419
list-none-s,12,1000,1,36000,1245834788,34606,318120
list-none-m,12,1000,1,36000,1344605802,37350,364217
list-none-s,12,1000,4,36000,157542121,4376,37104
list-none-m,12,1000,4,36000,182083415,5057,45893
list-none-s,12,1000,8,36000,62387705,1732,11875
list-none-m,12,1000,8,36000,69464817,1929,14559
list-none-s,12,1000,16,36000,28101423,780,3961
list-none-m,12,1000,16,36000,31775036,882,5052
list-id-none,1,1,4,3,82476,27492,93
list-id-none,1,2,4,6,103492,17248,60
list-id-none,1,4,4,12,97210,8100,35
list-id-none,1,8,4,24,100791,4199,29
list-id-none,1,16,4,48,133487,2780,21
list-id-none,4,1,4,12,173324,14443,105
list-id-none,4,2,4,24,165170,6882,51
list-id-none,4,4,4,48,182212,3796,36
list-id-none,4,16,4,192,252286,1313,22
list-id-none,8,1,4,24,317230,13217,69
list-id-none,8,2,4,48,397592,8283,44
list-id-none,8,4,4,96,305198,3179,35
list-id-none,8,8,4,192,294088,1531,25
list-id-none,12,1,4,36,557780,15493,71
list-id-none,12,2,4,72,540845,7511,59
list-id-none,12,4,4,144,450091,3125,34
list-id-none,16,1,4,48,602385,12549,69
list-id-none,16,2,4,96,583828,6081,42
list-id-none,16,4,4,192,603995,3145,34
list-id-none,16,8,4,384,610408,1589,31
list-id-s,1,10,4,30,121752,4058,32
list-id-m,1,10,4,30,90196,3006,118
list-id-s,1,20,4,60,134207,2236,27
list-id-m,1,20,4,60,130578,2176,105
list-id-s,1,40,4,120,149466,1245,26
list-id-m,1,40,4,120,192073,1600,63
list-id-s,1,80,4,240,236665,986,24
list-id-m,1,80,4,240,253295,1055,36
list-id-s,4,10,4,120,159442,1328,254
list-id-m,4,10,4,120,203725,1697,1174
list-id-s,4,20,4,240,226796,944,199
list-id-m,4,20,4,240,351999,1466,1718
list-id-s,4,40,4,480,421869,878,980
list-id-m,4,40,4,480,567055,1181,1862
list-id-s,4,80,4,960,857439,893,1229
list-id-m,4,80,4,960,1105391,1151,1868
list-id-s,8,10,4,240,282380,1176,676
list-id-m,8,10,4,240,387348,1613,3056
list-id-s,8,20,4,480,450466,938,1808
list-id-m,8,20,4,480,575254,1198,3143
list-id-s,8,40,4,960,959719,999,3956
list-id-m,8,40,4,960,1180152,1229,4682
list-id-s,8,80,4,1920,1994785,1038,4746
list-id-m,8,80,4,1920,2612461,1360,6141
list-id-s,12,10,4,360,420453,1167,410
list-id-m,12,10,4,360,481234,1336,2890
list-id-s,12,20,4,720,596588,828,2422
list-id-m,12,20,4,720,896925,1245,6354
list-id-s,12,40,4,1440,1358909,943,5932
list-id-m,12,40,4,1440,1799335,1249,8439
list-id-s,12,80,4,2880,3299546,1145,8558
list-id-m,12,80,4,2880,3919440,1360,10409
list-id-s,16,10,4,480,492879,1026,261
list-id-m,16,10,4,480,647198,1348,3923
list-id-s,16,20,4,960,800602,833,3060
list-id-m,16,20,4,960,1087818,1133,7077
list-id-s,16,40,4,1920,2148339,1118,10978
list-id-m,16,40,4,1920,2805116,1460,15599
list-id-s,16,80,4,3840,5359196,1395,15285
list-id-m,16,80,4,3840,5402460,1406,15872
list-none-s,1,1000,1,3000,11101602,3700,27
list-none-m,1,1000,1,3000,11440213,3813,29
list-none-s,1,1000,4,3000,3135238,1045,22
list-none-m,1,1000,4,3000,3343108,1114,27
list-none-s,1,1000,8,3000,1859386,619,22
list-none-m,1,1000,8,3000,2216125,738,31
list-none-s,1,1000,16,3000,1251939,417,22
list-none-m,1,1000,16,3000,1268613,422,27
list-none-s,2,1000,1,6000,51577679,8596,7250
list-none-m,2,1000,1,6000,50657927,8442,8183
list-none-s,2,1000,4,6000,15751631,2625,866
list-none-m,2,1000,4,6000,10420751,1736,899
list-none-s,2,1000,8,6000,4799164,799,198
list-none-m,2,1000,8,6000,7002707,1167,460
list-none-s,2,1000,16,6000,2655125,442,89
list-none-m,2,1000,16,6000,3246112,541,182
list-none-s,4,1000,1,12000,154057356,12838,30174
list-none-m,4,1000,1,12000,173815471,14484,39360
list-none-s,4,1000,4,12000,43209870,3600,5551
list-none-m,4,1000,4,12000,33784047,2815,5032
list-none-s,4,1000,8,12000,19104463,1592,1651
list-none-m,4,1000,8,12000,18161114,1513,1943
list-none-s,4,1000,16,12000,9987104,832,577
list-none-m,4,1000,16,12000,8680319,723,767
list-none-s,8,1000,1,24000,615236661,25634,160947
list-none-m,8,1000,1,24000,698070884,29086,187423
list-none-s,8,1000,4,24000,85015985,3542,16496
list-none-m,8,1000,4,24000,87695042,3653,18798
list-none-s,8,1000,8,24000,39836348,1659,5734
list-none-m,8,1000,8,24000,40649188,1693,6857
list-none-s,8,1000,16,24000,19279920,803,2006
list-none-m,8,1000,16,24000,20187510,841,2566
list-none-s,12,1000,1,36000,1183008050,32861,294444
list-none-m,12,1000,1,36000,1339227130,37200,344789
list-none-s,12,1000,4,36000,168268873,4674,40295
list-none-m,12,1000,4,36000,185634609,5156,46882
list-none-s,12,1000,8,36000,61678868,1713,11613
list-none-m,12,1000,8,36000,68941110,1915,14470
list-none-s,12,1000,16,36000,27964643,776,3959
list-none-m,12,1000,16,36000,32207565,894,5094
list-id-none,1,1,4,3,97604,32534,86
list-id-none,1,2,4,6,99357,16559,53
list-id-none,1,4,4,12,71440,5953,38
list-id-none,1,8,4,24,86064,3586,26
list-id-none,1,16,4,48,123377,2570,21
list-id-none,4,1,4,12,169477,14123,84
list-id-none,4,2,4,24,139230,5801,53
list-id-none,4,4,4,48,154601,3220,40
list-id-none,4,8,4,96,170815,1779,32
list-id-none,8,1,4,24,247031,10292,84
list-id-none,8,2,4,48,269381,5612,47
list-id-none,12,1,4,36,407539,11320,74
list-id-none,12,2,4,72,487574,6771,43
list-id-none,12,4,4,144,369664,2567,30
list-id-none,16,1,4,48,484419,10092,72
list-id-none,16,2,4,96,533544,5557,43
list-id-none,16,4,4,192,498065,2594,32
list-id-none,16,8,4,384,504177,1312,27
list-id-s,1,10,1,30,140831,4694,1368
list-id-m,1,10,1,30,134962,4498,5655
list-id-s,1,20,1,60,160665,2677,2085
list-id-m,1,20,1,60,127691,2128,5724
list-id-s,1,40,1,120,201830,1681,3343
list-id-m,1,40,1,120,248687,2072,7888
list-id-s,1,80,1,240,296523,1235,6648
list-id-m,1,80,1,240,302585,1260,10755
list-id-s,4,10,1,120,198489,1654,1269
list-id-m,4,10,1,120,229329,1911,15155
list-id-s,4,20,1,240,228974,954,44766
list-id-m,4,20,1,240,298637,1244,73200
list-id-s,4,40,1,480,475536,990,125153
list-id-m,4,40,1,480,556656,1159,177114
list-id-s,4,80,1,960,908109,945,328848
list-id-m,4,80,1,960,1182091,1231,496544
list-id-s,8,10,1,240,353582,1473,18482
list-id-m,8,10,1,240,353146,1471,45548
list-id-s,8,20,1,480,385284,802,24199
list-id-m,8,20,1,480,608886,1268,190093
list-id-s,8,40,1,960,865454,901,312888
list-id-m,8,40,1,960,1159230,1207,568496
list-id-s,8,80,1,1920,1976889,1029,1035268
list-id-m,8,80,1,1920,2551815,1329,1411788
list-id-s,12,10,1,360,456958,1269,5542
list-id-m,12,10,1,360,440728,1224,2910
list-id-s,12,20,1,720,623943,866,134461
list-id-m,12,20,1,720,812693,1128,256901
list-id-s,12,40,1,1440,1258245,873,573877
list-id-m,12,40,1,1440,1709243,1186,961148
list-id-s,12,80,1,2880,3330827,1156,2105504
list-id-m,12,80,1,2880,4051604,1406,2752647
list-id-s,16,10,1,480,602722,1255,13852
list-id-m,16,10,1,480,675086,1406,33617
list-id-s,16,20,1,960,872161,908,221341
list-id-m,16,20,1,960,1034557,1077,297848
list-id-s,16,40,1,1920,2011496,1047,1140463
list-id-m,16,40,1,1920,2733774,1423,1691725
list-id-s,16,80,1,3840,5029644,1309,3453560
list-id-m,16,80,1,3840,5170083,1346,3399429
list-none-s,1,1000,1,3000,13801542,4600,79960
list-none-m,1,1000,1,3000,14723184,4907,117096
list-none-s,1,1000,1,3000,3220496,1073,72864
list-none-m,1,1000,1,3000,3187139,1062,85275
list-none-s,1,1000,1,3000,1939208,646,75195
list-none-m,1,1000,1,3000,1879099,626,83522
list-none-s,1,1000,1,3000,1317219,439,73443
list-none-m,1,1000,1,3000,1265291,421,85667
list-none-s,2,1000,1,6000,40847571,6807,18744957
list-none-m,2,1000,1,6000,50684998,8447,25113329
list-none-s,2,1000,1,6000,15094880,2515,2603533
list-none-m,2,1000,1,6000,14108972,2351,3647045
list-none-s,2,1000,1,6000,8105428,1350,1121948
list-none-m,2,1000,1,6000,8174720,1362,1735861
list-none-s,2,1000,1,6000,4577948,762,492468
list-none-m,2,1000,1,6000,3140030,523,527272
list-none-s,4,1000,1,12000,65993382,5499,25952885
list-none-m,4,1000,1,12000,182225403,15185,132417570
list-none-s,4,1000,1,12000,36198404,3016,13979629
list-none-m,4,1000,1,12000,30604570,2550,13924676
list-none-s,4,1000,1,12000,18567790,1547,4730246
list-none-m,4,1000,1,12000,15762810,1313,5265093
list-none-s,4,1000,1,12000,9302245,775,1625842
list-none-m,4,1000,1,12000,9615119,801,2630392
list-none-s,8,1000,1,24000,533218178,22217,374844942
list-none-m,8,1000,1,24000,661014682,27542,516778815
list-none-s,8,1000,1,24000,74922418,3121,45182690
list-none-m,8,1000,1,24000,82131505,3422,53188504
list-none-s,8,1000,1,24000,33357631,1389,15385902
list-none-m,8,1000,1,24000,35133088,1463,18257383
list-none-s,8,1000,1,24000,16978792,707,5660257
list-none-m,8,1000,1,24000,17504631,729,6684009
list-none-s,12,1000,1,36000,799369427,22204,500015365
list-none-m,12,1000,1,36000,1320775563,36688,1017375003
list-none-s,12,1000,1,36000,157873372,4385,112356738
list-none-m,12,1000,1,36000,182552440,5070,138655993
list-none-s,12,1000,1,36000,55130970,1531,31974505
list-none-m,12,1000,1,36000,69383507,1927,43970936
list-none-s,12,1000,1,36000,24820963,689,10885075
list-none-m,12,1000,1,36000,29887012,830,14435284
list-id-none,1,1,1,3,109509,36503,320
list-id-none,1,2,1,6,116208,19368,353
list-id-none,1,4,1,12,93817,7818,473
list-id-none,1,8,1,24,119341,4972,707
list-id-none,1,16,1,48,115761,2411,1297
list-id-none,4,1,1,12,147183,12265,353
list-id-none,4,2,1,24,130795,5449,386
list-id-none,4,4,1,48,192470,4009,549
list-id-none,4,8,1,96,230142,2397,761
list-id-none,8,1,1,24,339591,14149,282
list-id-none,8,2,1,48,354511,7385,322
list-id-none,8,4,1,96,327605,3412,461
list-id-none,8,8,1,192,345212,1797,660
list-id-none,12,1,1,36,463139,12864,220
list-id-none,12,2,1,72,440379,6116,275
list-id-none,12,4,1,144,425905,2957,434
list-id-none,12,8,1,288,452492,1571,888
list-id-none,16,1,1,48,601209,12525,234
list-id-none,16,2,1,96,576280,6002,251
list-id-none,16,4,1,192,545910,2843,399
list-id-s,1,10,4,30,99771,3325,1175
list-id-m,1,10,4,30,89390,2979,3526
list-id-s,1,20,4,60,111888,1864,1872
list-id-m,1,20,4,60,118525,1975,4498
list-id-s,1,40,4,120,177530,1479,3262
list-id-m,1,40,4,120,165489,1379,6217
list-id-s,1,80,4,240,277747,1157,6284
list-id-m,1,80,4,240,277668,1156,8885
list-id-s,4,10,4,120,179360,1494,3502
list-id-m,4,10,4,120,208442,1737,9342
list-id-s,4,20,4,240,245447,1022,41657
list-id-m,4,20,4,240,285114,1187,77051
list-id-s,4,40,4,480,371715,774,95109
list-id-m,4,40,4,480,501839,1045,171839
list-id-s,4,80,4,960,794524,827,266157
list-id-m,4,80,4,960,1068810,1113,397734
list-id-s,8,10,4,240,270372,1126,6185
list-id-m,8,10,4,240,320702,1336,33238
list-id-s,8,20,4,480,414972,864,106524
list-id-m,8,20,4,480,601214,1252,208472
list-id-s,8,40,4,960,846472,881,378233
list-id-m,8,40,4,960,1183505,1232,630300
list-id-s,8,80,4,1920,1756310,914,881704
list-id-m,8,80,4,1920,2433542,1267,1367942
list-id-s,12,10,4,360,414301,1150,2126
list-id-m,12,10,4,360,516671,1435,105236
list-id-s,12,20,4,720,624352,867,110750
list-id-m,12,20,4,720,827092,1148,162137
list-id-s,12,40,4,1440,1208842,839,543660
list-id-m,12,40,4,1440,1682857,1168,916622
list-id-s,12,80,4,2880,3404162,1182,2145816
list-id-m,12,80,4,2880,4064074,1411,2662306
list-id-s,16,10,4,480,569546,1186,2661
list-id-m,16,10,4,480,680196,1417,57006
list-id-s,16,20,4,960,763696,795,180933
list-id-m,16,20,4,960,1233253,1284,566938
list-id-s,16,40,4,1920,2174030,1132,1311215
list-id-m,16,40,4,1920,2905423,1513,1804863
list-id-s,16,80,4,3840,5811620,1513,4133433
list-id-m,16,80,4,3840,5402051,1406,3794748
list-none-s,1,1000,1,3000,12083271,4027,78398
list-none-m,1,1000,1,3000,11525256,3841,91040
list-none-s,1,1000,4,3000,3309116,1103,74442
list-none-m,1,1000,4,3000,3415750,1138,90114
list-none-s,1,1000,8,3000,2122542,707,84524
list-none-m,1,1000,8,3000,1914793,638,94098
list-none-s,1,1000,16,3000,1234736,411,77712
list-none-m,1,1000,16,3000,1241323,413,96729
list-none-s,2,1000,1,6000,30001084,5000,9647858
list-none-m,2,1000,1,6000,54617002,9102,27361771
list-none-s,2,1000,4,6000,12957538,2159,2141327
list-none-m,2,1000,4,6000,14807155,2467,3850902
list-none-s,2,1000,8,6000,4544492,757,544899
list-none-m,2,1000,8,6000,5604529,934,1116123
list-none-s,2,1000,16,6000,4692427,782,569613
list-none-m,2,1000,16,6000,3299676,549,548110
list-none-s,4,1000,1,12000,118603091,9883,61067109
list-none-m,4,1000,1,12000,190493629,15874,135068154
list-none-s,4,1000,4,12000,37831307,3152,15197376
list-none-m,4,1000,4,12000,30264706,2522,13778538
list-none-s,4,1000,8,12000,16330849,1360,4224362
list-none-m,4,1000,8,12000,14941551,1245,5051273
list-none-s,4,1000,16,12000,9193146,766,1726683
list-none-m,4,1000,16,12000,8669758,722,2341483
list-none-s,8,1000,1,24000,452874452,18869,270505191
list-none-m,8,1000,1,24000,568486993,23686,395872017
list-none-s,8,1000,4,24000,80345275,3347,49765814
list-none-m,8,1000,4,24000,83777627,3490,54037084
list-none-s,8,1000,8,24000,32486953,1353,15128669
list-none-m,8,1000,8,24000,35129049,1463,18094146
list-none-s,8,1000,16,24000,17281268,720,5799413
list-none-m,8,1000,16,24000,18128628,755,7307637
list-none-s,12,1000,1,36000,1105043563,30695,729976230
list-none-m,12,1000,1,36000,1357962531,37721,1054060317
list-none-s,12,1000,4,36000,158360027,4398,113483775
list-none-m,12,1000,4,36000,193761848,5382,147469274
list-none-s,12,1000,8,36000,57008862,1583,33811683
list-none-m,12,1000,8,36000,69718143,1936,44409663
list-none-s,12,1000,16,36000,25129892,698,11369322
list-none-m,12,1000,16,36000,29802049,827,14608221
list-id-none,1,1,4,3,96697,32232,348
list-id-none,1,2,4,6,82720,13786,406
list-id-none,1,4,4,12,130730,10894,500
list-id-none,1,8,4,24,113018,4709,803
list-id-none,1,16,4,48,127444,2655,1167
list-id-none,4,1,4,12,200874,16739,312
list-id-none,4,2,4,24,133154,5548,417
list-id-none,4,4,4,48,155211,3233,503
list-id-none,4,16,4,192,236283,1230,1284
list-id-none,8,1,4,24,319239,13301,299
list-id-none,8,2,4,48,305619,6367,347
list-id-none,8,4,4,96,329828,3435,445
list-id-none,8,8,4,192,356058,1854,720
list-id-none,8,16,4,384,363248,945,1412
list-id-none,12,1,4,36,385915,10719,280
list-id-none,12,4,4,144,440517,3059,473
list-id-none,12,8,4,288,490246,1702,735
list-id-none,16,1,4,48,497502,10364,231
list-id-none,16,8,4,384,636393,1657,681
list-id-none,16,16,4,768,571779,744,1493
list-id-s,1,10,4,30,114708,3823,35
list-id-m,1,10,4,30,106965,3565,158
list-id-s,1,20,4,60,145807,2430,29
list-id-m,1,20,4,60,140817,2346,74
list-id-s,1,40,4,120,194291,1619,27
list-id-m,1,40,4,120,162443,1353,62
list-id-s,1,80,4,240,264722,1103,24
list-id-m,1,80,4,240,275958,1149,46
list-id-s,4,10,4,120,153022,1275,156
list-id-m,4,10,4,120,226501,1887,1007
list-id-s,4,20,4,240,204312,851,293
list-id-m,4,20,4,240,303549,1264,1211
list-id-s,4,40,4,480,413566,861,907
list-id-m,4,40,4,480,536913,1118,1264
list-id-s,4,80,4,960,873297,909,1310
list-id-m,4,80,4,960,1249886,1301,2273
list-id-s,8,10,4,240,318317,1326,271
list-id-m,8,10,4,240,392353,1634,1808
list-id-s,8,20,4,480,460741,959,1881
list-id-m,8,20,4,480,604737,1259,2876
list-id-s,8,40,4,960,847282,882,2906
list-id-m,8,40,4,960,1231792,1283,5331
list-id-s,8,80,4,1920,2078764,1082,4986
list-id-m,8,80,4,1920,2685267,1398,6579
list-id-s,12,10,4,360,399737,1110,124
list-id-m,12,10,4,360,502874,1396,1858
list-id-s,12,20,4,720,573167,796,2100
list-id-m,12,20,4,720,847292,1176,4723
list-id-s,12,40,4,1440,1431469,994,6194
list-id-m,12,40,4,1440,1799683,1249,8455
list-id-s,12,80,4,2880,3037242,1054,7463
list-id-m,12,80,4,2880,4053834,1407,10462
list-id-s,16,10,4,480,634935,1322,104
list-id-m,16,10,4,480,664789,1384,2147
list-id-s,16,20,4,960,866839,902,2929
list-id-m,16,20,4,960,1210854,1261,8652
list-id-s,16,40,4,1920,2341234,1219,11436
list-id-m,16,40,4,1920,3002188,1563,16502
list-id-s,16,80,4,3840,5742066,1495,16584
list-id-m,16,80,4,3840,5522291,1438,15555
list-none-s,1,1000,1,3000,11262856,3754,23
list-none-m,1,1000,1,3000,11178534,3726,26
list-none-s,1,1000,4,3000,3073810,1024,24
list-none-m,1,1000,4,3000,3092359,1030,26
list-none-s,1,1000,8,3000,1832446,610,23
list-none-m,1,1000,8,3000,1887585,629,26
list-none-s,1,1000,16,3000,1247938,415,23
list-none-m,1,1000,16,3000,1310837,436,27
list-none-s,2,1000,1,6000,38096735,6349,5191
list-none-m,2,1000,1,6000,50888644,8481,8461
list-none-s,2,1000,4,6000,8842822,1473,564
list-none-m,2,1000,4,6000,12154297,2025,1045
list-none-s,2,1000,8,6000,7921767,1320,322
list-none-m,2,1000,8,6000,5390212,898,336
list-none-s,2,1000,16,6000,4714039,785,172
list-none-m,2,1000,16,6000,3265286,544,187
list-none-s,4,1000,1,12000,168484050,14040,35492
list-none-m,4,1000,1,12000,174835302,14569,37385
list-none-s,4,1000,4,12000,41394375,3449,5691
list-none-m,4,1000,4,12000,36360658,3030,5509
list-none-s,4,1000,8,12000,20765466,1730,1765
list-none-m,4,1000,8,12000,18982883,1581,2111
list-none-s,4,1000,16,12000,6524169,543,399
list-none-m,4,1000,16,12000,9672725,806,819
list-none-s,8,1000,1,24000,551196214,22966,132497
list-none-m,8,1000,1,24000,674836987,28118,173886
list-none-s,8,1000,4,24000,88981892,3707,17648
list-none-m,8,1000,4,24000,88029527,3667,18838
list-none-s,8,1000,8,24000,40799054,1699,6049
list-none-m,8,1000,8,24000,39909041,1662,6712
list-none-s,8,1000,16,24000,19340445,805,2007
list-none-m,8,1000,16,24000,20074998,836,2591
list-none-s,12,1000,1,36000,1531191783,42533,422976
list-none-m,12,1000,1,36000,1346699157,37408,348708
list-none-s,12,1000,4,36000,159390802,4427,36145
list-none-m,12,1000,4,36000,196345379,5454,49588
list-none-s,12,1000,8,36000,65160054,1810,12801
list-none-m,12,1000,8,36000,77594361,2155,16376
list-none-s,12,1000,16,36000,28719801,797,4052
list-none-m,12,1000,16,36000,31842223,884,5152
list-id-none,1,1,4,3,97830,32610,83
list-id-none,1,2,4,6,73688,12281,55
list-id-none,1,4,4,12,111481,9290,38
list-id-none,1,8,4,24,88520,3688,26
list-id-none,1,16,4,48,100993,2104,21
list-id-none,4,1,4,12,148096,12341,98
list-id-none,4,2,4,24,151363,6306,56
list-id-none,4,4,4,48,170033,3542,34
list-id-none,4,8,4,96,157762,1643,27
list-id-none,8,1,4,24,239487,9978,71
list-id-none,8,2,4,48,264522,5510,53
list-id-none,8,4,4,96,265818,2768,33
list-id-none,8,8,4,192,297347,1548,28
list-id-none,12,1,4,36,430430,11956,891
list-id-none,12,2,4,72,383304,5323,48
list-id-none,12,4,4,144,463759,3220,32
list-id-none,16,1,4,48,454945,9478,547
list-id-none,16,2,4,96,452816,4716,44
list-id-none,16,4,4,192,525807,2738,32
list-id-none,16,8,4,384,486960,1268,27
list-id-s,1,10,4,30,107219,3573,1149
list-id-m,1,10,4,30,104510,3483,3799
list-id-s,1,20,4,60,133989,2233,1893
list-id-m,1,20,4,60,139284,2321,4490
list-id-s,1,40,4,120,195593,1629,3366
list-id-m,1,40,4,120,209290,1744,5905
list-id-s,1,80,4,240,297147,1238,6734
list-id-m,1,80,4,240,286020,1191,11159
list-id-s,4,10,4,120,196379,1636,6279
list-id-m,4,10,4,120,208167,1734,19351
list-id-s,4,20,4,240,248085,1033,50017
list-id-m,4,20,4,240,281863,1174,44364
list-id-s,4,40,4,480,445434,927,148832
list-id-m,4,40,4,480,564299,1175,205920
list-id-s,4,80,4,960,793441,826,254123
list-id-m,4,80,4,960,1159558,1207,508939
list-id-s,8,10,4,240,345160,1438,30978
list-id-m,8,10,4,240,363927,1516,68829
list-id-s,8,20,4,480,385285,802,22567
list-id-m,8,20,4,480,570071,1187,182036
list-id-s,8,40,4,960,863428,899,367741
list-id-m,8,40,4,960,1172036,1220,590603
list-id-s,8,80,4,1920,2004064,1043,1144293
list-id-m,8,80,4,1920,2528419,1316,1509524
list-id-s,12,10,4,360,403769,1121,2939
list-id-m,12,10,4,360,493869,1371,76565
list-id-s,12,20,4,720,629478,874,99821
list-id-m,12,20,4,720,847008,1176,287761
list-id-s,12,40,4,1440,1277783,887,570246
list-id-m,12,40,4,1440,1748555,1214,1014908
list-id-s,12,80,4,2880,3354810,1164,2166901
list-id-m,12,80,4,2880,3744008,1300,2426029
list-id-s,16,10,4,480,707617,1474,1173
list-id-m,16,10,4,480,572563,1192,30964
list-id-s,16,20,4,960,721466,751,99964
list-id-m,16,20,4,960,1228873,1280,604979
list-id-s,16,40,4,1920,2394103,1246,1483355
list-id-m,16,40,4,1920,2733195,1423,1751807
list-id-s,16,80,4,3840,6320574,1645,4494045
list-id-m,16,80,4,3840,5282884,1375,3593931
list-none-s,1,1000,1,3000,11541863,3847,74002
list-none-m,1,1000,1,3000,11680701,3893,96074
list-none-s,1,1000,4,3000,3272090,1090,75075
list-none-m,1,1000,4,3000,3533446,1177,84849
list-none-s,1,1000,8,3000,2088289,696,83204
list-none-m,1,1000,8,3000,2072750,690,105352
list-none-s,1,1000,16,3000,1341974,447,78910
list-none-m,1,1000,16,3000,1351987,450,87513
list-none-s,2,1000,1,6000,49304503,8217,24089747
list-none-m,2,1000,1,6000,49189363,8198,24589071
list-none-s,2,1000,4,6000,10075244,1679,2298107
list-none-m,2,1000,4,6000,14847747,2474,3757374
list-none-s,2,1000,8,6000,4576843,762,536557
list-none-m,2,1000,8,6000,8263727,1377,1697639
list-none-s,2,1000,16,6000,4363348,727,491642
list-none-m,2,1000,16,6000,3278554,546,514732
list-none-s,4,1000,1,12000,132604036,11050,68674211
list-none-m,4,1000,1,12000,183149139,15262,125924437
list-none-s,4,1000,4,12000,37374175,3114,15046239
list-none-m,4,1000,4,12000,31845800,2653,14723122
list-none-s,4,1000,8,12000,17656967,1471,4896690
list-none-m,4,1000,8,12000,16702207,1391,5563111
list-none-s,4,1000,16,12000,10390254,865,1951355
list-none-m,4,1000,16,12000,8816115,734,2284274
list-none-s,8,1000,1,24000,525017380,21875,355794515
list-none-m,8,1000,1,24000,595968592,24832,462565782
list-none-s,8,1000,4,24000,78361051,3265,46899399
list-none-m,8,1000,4,24000,89046795,3710,57965033
list-none-s,8,1000,8,24000,33977853,1415,15667845
list-none-m,8,1000,8,24000,37427587,1559,19357357
list-none-s,8,1000,16,24000,17153878,714,6011754
list-none-m,8,1000,16,24000,18680122,778,7405020
list-none-s,12,1000,1,36000,1128626889,31350,801791047
list-none-m,12,1000,1,36000,1279419830,35539,936201756
list-none-s,12,1000,4,36000,157496383,4374,112628840
list-none-m,12,1000,4,36000,191847887,5329,145761368
list-none-s,12,1000,8,36000,60725917,1686,36100788
list-none-m,12,1000,8,36000,73237562,2034,46590051
list-none-s,12,1000,16,36000,24672924,685,10966916
list-none-m,12,1000,16,36000,30694875,852,14885416
list-id-none,1,1,4,3,74169,24723,333
list-id-none,1,2,4,6,82725,13787,389
list-id-none,1,4,4,12,123475,10289,513
list-id-none,1,8,4,24,99296,4137,733
list-id-none,1,16,4,48,122983,2562,1256
list-id-none,4,1,4,12,153052,12754,296
list-id-none,4,2,4,24,193416,8059,399
list-id-none,4,4,4,48,235268,4901,481
list-id-none,4,16,4,192,170169,886,1368
list-id-none,8,1,4,24,342070,14252,290
list-id-none,8,2,4,48,337978,7041,361
list-id-none,8,4,4,96,297664,3100,625
list-id-none,8,8,4,192,320155,1667,654
list-id-none,12,1,4,36,407496,11319,285
list-id-none,12,2,4,72,414264,5753,297
list-id-none,12,4,4,144,511587,3552,419
list-id-none,12,8,4,288,518975,1801,618
list-id-none,16,1,4,48,553130,11523,247
list-id-none,16,2,4,96,587155,6116,310
list-id-none,16,4,4,192,543230,2829,404
list-id-none,16,8,4,384,698122,1818,642
list-id-s,1,10,4,30,111002,3700,1356
list-id-m,1,10,4,30,118341,3944,6958
list-id-s,1,20,4,60,143856,2397,2475
list-id-m,1,20,4,60,137530,2292,6031
list-id-s,1,40,4,120,190801,1590,3624
list-id-m,1,40,4,120,180850,1507,7843
list-id-s,1,80,4,240,277241,1155,6177
list-id-m,1,80,4,240,262082,1092,9947
list-id-s,4,10,4,120,216819,1806,3869
list-id-m,4,10,4,120,234494,1954,44964
list-id-s,4,20,4,240,237479,989,14186
list-id-m,4,20,4,240,289717,1207,54025
list-id-s,4,40,4,480,405367,844,121179
list-id-m,4,40,4,480,553801,1153,161265
list-id-s,4,80,4,960,879625,916,264069
list-id-m,4,80,4,960,1226230,1277,502063
list-id-s,8,10,4,240,309705,1290,27285
list-id-m,8,10,4,240,355362,1480,32886
list-id-s,8,20,4,480,424911,885,38891
list-id-m,8,20,4,480,609513,1269,204928
list-id-s,8,40,4,960,865014,901,370356
list-id-m,8,40,4,960,1167666,1216,554653
list-id-s,8,80,4,1920,2082696,1084,1174647
list-id-m,8,80,4,1920,2443247,1272,1307975
list-id-s,12,10,4,360,462546,1284,5348
list-id-m,12,10,4,360,596498,1656,41482
list-id-s,12,20,4,720,655905,910,191852
list-id-m,12,20,4,720,852873,1184,327576
list-id-s,12,40,4,1440,1393794,967,688180
list-id-m,12,40,4,1440,1743436,1210,1014528
list-id-s,12,80,4,2880,2981452,1035,1800587
list-id-m,12,80,4,2880,3904924,1355,2598675
list-id-s,16,10,4,480,532237,1108,13075
list-id-m,16,10,4,480,573929,1195,47220
list-id-s,16,20,4,960,837217,872,224037
list-id-m,16,20,4,960,1080850,1125,400271
list-id-s,16,40,4,1920,2236120,1164,1310939
list-id-m,16,40,4,1920,2758412,1436,1799883
list-id-s,16,80,4,3840,5929665,1544,4097115
list-id-m,16,80,4,3840,5244403,1365,3536327
list-none-s,1,1000,1,3000,11154373,3718,73080
list-none-m,1,1000,1,3000,12952368,4317,92080
list-none-s,1,1000,4,3000,3439591,1146,78729
list-none-m,1,1000,4,3000,3332908,1110,85568
list-none-s,1,1000,8,3000,2008945,669,73102
list-none-m,1,1000,8,3000,1886750,628,84649
list-none-s,1,1000,16,3000,1309611,436,95990
list-none-m,1,1000,16,3000,1405624,468,109054
list-none-s,2,1000,1,6000,37030348,6171,14347366
list-none-m,2,1000,1,6000,51616708,8602,25160567
list-none-s,2,1000,4,6000,14287194,2381,2424388
list-none-m,2,1000,4,6000,13749003,2291,3798153
list-none-s,2,1000,8,6000,7674878,1279,982391
list-none-m,2,1000,8,6000,5710796,951,1229460
list-none-s,2,1000,16,6000,2957195,492,399184
list-none-m,2,1000,16,6000,3235233,539,560982
list-none-s,4,1000,1,12000,100768610,8397,50081029
list-none-m,4,1000,1,12000,188733241,15727,133982152
list-none-s,4,1000,4,12000,34232882,2852,13104102
list-none-m,4,1000,4,12000,32505728,2708,15307180
list-none-s,4,1000,8,12000,18786498,1565,4891527
list-none-m,4,1000,8,12000,16148063,1345,5413877
list-none-s,4,1000,16,12000,9393648,782,1546036
list-none-m,4,1000,16,12000,8823522,735,2288467
list-none-s,8,1000,1,24000,617700267,25737,473181029
list-none-m,8,1000,1,24000,585577967,24399,425081418
list-none-s,8,1000,4,24000,80261628,3344,48388826
list-none-m,8,1000,4,24000,81562772,3398,52336185
list-none-s,8,1000,8,24000,32826591,1367,14995567
list-none-m,8,1000,8,24000,37527371,1563,19126646
list-none-s,8,1000,16,24000,16605971,691,5651286
list-none-m,8,1000,16,24000,18725344,780,7325200
list-none-s,12,1000,1,36000,1092809630,30355,729491864
list-none-m,12,1000,1,36000,1365692211,37935,1048255093
list-none-s,12,1000,4,36000,153202785,4255,101385940
list-none-m,12,1000,4,36000,190421879,5289,144755312
list-none-s,12,1000,8,36000,56310026,1564,33607010
list-none-m,12,1000,8,36000,68589435,1905,43383937
list-none-s,12,1000,16,36000,24633510,684,10842756
list-none-m,12,1000,16,36000,29267099,812,14009969
list-id-none,1,1,4,3,122691,40897,291
list-id-none,1,2,4,6,86309,14384,383
list-id-none,1,4,4,12,108894,9074,479
list-id-none,1,8,4,24,92767,3865,708
list-id-none,1,16,4,48,119217,2483,1126
list-id-none,4,1,4,12,154100,12841,305
list-id-none,4,2,4,24,140543,5855,360
list-id-none,4,4,4,48,125881,2622,405
list-id-none,4,16,4,192,214247,1115,1467
list-id-none,8,1,4,24,309330,12888,290
list-id-none,8,2,4,48,295550,6157,357
list-id-none,8,8,4,192,255342,1329,633
list-id-none,8,16,4,384,343593,894,1332
list-id-none,12,1,4,36,383397,10649,245
list-id-none,12,2,4,72,391564,5438,296
list-id-none,12,4,4,144,374185,2598,396
list-id-none,16,1,4,48,487541,10157,228
list-id-none,16,2,4,96,452381,4712,284
list-id-none,16,4,4,192,499036,2599,416
list-id-none,16,8,4,384,488702,1272,675
list-id-s,1,10,4,30,103814,3460,1129
list-id-m,1,10,4,30,190680,6356,3677
list-id-s,1,20,4,60,111024,1850,1785
list-id-m,1,20,4,60,171708,2861,6383
list-id-s,1,40,4,120,179737,1497,3271
list-id-m,1,40,4,120,169914,1415,6249
list-id-s,1,80,4,240,253833,1057,6108
list-id-m,1,80,4,240,314087,1308,10979
list-id-s,4,10,4,120,198951,1657,6545
list-id-m,4,10,4,120,187710,1564,16953
list-id-s,4,20,4,240,221327,922,20966
list-id-m,4,20,4,240,314973,1312,91828
list-id-s,4,40,4,480,421691,878,99801
list-id-m,4,40,4,480,541670,1128,114548
list-id-s,4,80,4,960,822653,856,283960
list-id-m,4,80,4,960,1146852,1194,468288
list-id-s,8,10,4,240,332038,1383,10409
list-id-m,8,10,4,240,382865,1595,10833
list-id-s,8,20,4,480,434518,905,68889
list-id-m,8,20,4,480,573850,1195,164373
list-id-s,8,40,4,960,854259,889,373367
list-id-m,8,40,4,960,1192258,1241,628502
list-id-s,8,80,4,1920,2039500,1062,1151223
list-id-m,8,80,4,1920,2425419,1263,1387363
list-id-s,12,10,4,360,427373,1187,1479
list-id-m,12,10,4,360,576482,1601,79409
list-id-s,12,20,4,720,611204,848,111596
list-id-m,12,20,4,720,966658,1342,428849
list-id-s,12,40,4,1440,1247272,866,613200
list-id-m,12,40,4,1440,1674328,1162,845875
list-id-s,12,80,4,2880,3387330,1176,2123332
list-id-m,12,80,4,2880,3883456,1348,2559108
list-id-s,16,10,4,480,573092,1193,3821
list-id-m,16,10,4,480,628515,1309,38862
list-id-s,16,20,4,960,796417,829,183538
list-id-m,16,20,4,960,1144811,1192,489867
list-id-s,16,40,4,1920,2114913,1101,1268186
list-id-m,16,40,4,1920,2790290,1453,1849867
list-id-s,16,80,4,3840,4919544,1281,3408417
list-id-m,16,80,4,3840,5211377,1357,3593477
list-none-s,1,1000,1,3000,11420541,3806,77105
list-none-m,1,1000,1,3000,11208937,3736,86348
list-none-s,1,1000,4,3000,3287351,1095,73583
list-none-m,1,1000,4,3000,3302673,1100,94432
list-none-s,1,1000,8,3000,1943621,647,73237
list-none-m,1,1000,8,3000,2152108,717,110122
list-none-s,1,1000,16,3000,1426898,475,76579
list-none-m,1,1000,16,3000,1267173,422,84159
list-none-s,2,1000,1,6000,46867832,7811,19794922
list-none-m,2,1000,1,6000,50294033,8382,25133391
list-none-s,2,1000,4,6000,9524348,1587,1922894
list-none-m,2,1000,4,6000,14670680,2445,3700391
list-none-s,2,1000,8,6000,8145772,1357,1083052
list-none-m,2,1000,8,6000,5492385,915,1076137
list-none-s,2,1000,16,6000,4572793,762,462950
list-none-m,2,1000,16,6000,5217025,869,906814
list-none-s,4,1000,1,12000,107637321,8969,53452160
list-none-m,4,1000,1,12000,177650942,14804,126355789
list-none-s,4,1000,4,12000,37165114,3097,14806921
list-none-m,4,1000,4,12000,33969288,2830,15572918
list-none-s,4,1000,8,12000,19142925,1595,5045643
list-none-m,4,1000,8,12000,15393211,1282,5237707
list-none-s,4,1000,16,12000,9649916,804,1646597
list-none-m,4,1000,16,12000,9589381,799,2568784
list-none-s,8,1000,1,24000,266815514,11117,145033180
list-none-m,8,1000,1,24000,637463762,26560,503180436
list-id-s,1,10,4,30,144222,4807,1264
list-id-m,1,10,4,30,113542,3784,4956
list-id-s,1,20,4,60,127562,2126,2036
list-id-m,1,20,4,60,124524,2075,5571
list-id-s,1,40,4,120,160437,1336,3323
list-id-m,1,40,4,120,158020,1316,5989
list-id-s,1,80,4,240,320602,1335,7407
list-id-m,1,80,4,240,307783,1282,10714
list-id-s,4,10,4,120,205548,1712,22991
list-id-m,4,10,4,120,199503,1662,12107
list-id-s,4,20,4,240,255737,1065,40626
list-id-m,4,20,4,240,326990,1362,84307
list-id-s,4,40,4,480,445014,927,150729
list-id-m,4,40,4,480,557213,1160,207051
list-id-s,4,80,4,960,887908,924,315376
list-id-m,4,80,4,960,1093440,1139,433417
list-id-s,8,10,4,240,308453,1285,3971
list-id-m,8,10,4,240,354340,1476,48350
list-id-s,8,20,4,480,488524,1017,103204
list-id-m,8,20,4,480,548544,1142,131956
list-id-s,8,40,4,960,881684,918,410948
list-id-m,8,40,4,960,1212112,1262,625851
list-id-s,8,80,4,1920,1975122,1028,1031518
list-id-m,8,80,4,1920,2471240,1287,1372674
list-id-s,12,10,4,360,448609,1246,3651
list-id-m,12,10,4,360,530238,1472,12536
list-id-s,12,20,4,720,539305,749,41271
list-id-m,12,20,4,720,902471,1253,327310
list-id-s,12,40,4,1440,1432833,995,780709
list-id-m,12,40,4,1440,1690327,1173,970199
list-id-s,12,80,4,2880,3395006,1178,2199654
list-id-m,12,80,4,2880,3990395,1385,2677021
list-id-s,16,10,4,480,613137,1277,8798
list-id-m,16,10,4,480,564339,1175,17637
list-id-s,16,20,4,960,731070,761,144201
list-id-m,16,20,4,960,1010652,1052,323266
list-id-s,16,40,4,1920,2060055,1072,1106681
list-id-m,16,40,4,1920,2776901,1446,1848295
list-id-s,16,80,4,3840,5316811,1384,3715821
list-id-m,16,80,4,3840,5288995,1377,3762334
list-none-s,1,1000,1,3000,13471394,4490,85345
list-none-m,1,1000,1,3000,11938645,3979,90214
list-none-s,1,1000,4,3000,3313327,1104,74895
list-none-m,1,1000,4,3000,3477333,1159,93440
list-none-s,1,1000,8,3000,1914849,638,82465
list-none-m,1,1000,8,3000,2469285,823,125784
list-none-s,1,1000,16,3000,1317411,439,85674
list-none-m,1,1000,16,3000,1327413,442,86662
list-none-s,2,1000,1,6000,25092282,4182,7536313
list-none-m,2,1000,1,6000,52310585,8718,25673709
list-none-s,2,1000,4,6000,16009923,2668,2448911
list-none-m,2,1000,4,6000,11191678,1865,3035191
list-none-s,2,1000,8,6000,4471937,745,558252
list-none-m,2,1000,8,6000,8190981,1365,1675392
list-none-s,2,1000,16,6000,2816829,469,306821
list-none-m,2,1000,16,6000,5442341,907,1005024
list-none-s,4,1000,1,12000,152897960,12741,98905435
list-none-m,4,1000,1,12000,177373358,14781,119926534
list-none-s,4,1000,4,12000,35195344,2932,14215497
list-none-m,4,1000,4,12000,31562365,2630,14868549
list-none-s,4,1000,8,12000,17084401,1423,4381392
list-none-m,4,1000,8,12000,15756088,1313,5316782
list-none-s,4,1000,16,12000,10670287,889,1964505
list-none-m,4,1000,16,12000,8541434,711,2400285
list-none-s,8,1000,1,24000,587815342,24492,465459121
list-none-m,8,1000,1,24000,714019725,29750,561265431
list-none-s,8,1000,4,24000,85282338,3553,47557105
list-none-m,8,1000,4,24000,122970557,5123,83890950
list-none-s,8,1000,8,24000,37562025,1565,16319149
list-none-m,8,1000,8,24000,54287693,2261,29220517
list-none-s,8,1000,16,24000,21022823,875,6808742
list-none-m,8,1000,16,24000,29474149,1228,12460946
list-none-s,12,1000,1,36000,1002162548,27837,641894147
list-none-m,12,1000,1,36000,1360146986,37781,1007192484
list-none-s,12,1000,4,36000,157598989,4377,113119190
list-none-m,12,1000,4,36000,189508044,5264,144681617
list-none-s,12,1000,8,36000,56613317,1572,32306307
list-none-m,12,1000,8,36000,68672175,1907,43660489
list-none-s,12,1000,16,36000,24526173,681,10870250
list-none-m,12,1000,16,36000,30113242,836,14644401
list-id-none,1,1,4,3,85924,28641,338
list-id-none,1,2,4,6,117996,19666,393
list-id-none,1,4,4,12,93331,7777,460
list-id-none,1,8,4,24,101188,4216,703
list-id-none,1,16,4,48,103454,2155,1164
list-id-none,4,1,4,12,146284,12190,290
list-id-none,4,2,4,24,149690,6237,341
list-id-none,4,4,4,48,176728,3681,463
list-id-none,4,8,4,96,176869,1842,801
list-id-none,4,16,4,192,179036,932,3461
list-id-none,8,1,4,24,293119,12213,3676
list-id-none,8,2,4,48,329754,6869,353
list-id-none,8,4,4,96,350949,3655,493
list-id-none,8,8,4,192,352860,1837,743
list-id-none,12,1,4,36,515313,14314,241
list-id-none,12,2,4,72,533282,7406,287
list-id-none,12,4,4,144,458844,3186,446
list-id-none,12,8,4,288,464182,1611,612
list-id-none,16,1,4,48,556807,11600,278
list-id-none,16,2,4,96,594968,6197,318
list-id-s,1,10,4,30,96421,3214,1114
list-id-m,1,10,4,30,92908,3096,3750
list-id-s,1,20,4,60,135759,2262,1932
list-id-m,1,20,4,60,164317,2738,7141
list-id-s,1,40,4,120,178510,1487,3283
list-id-m,1,40,4,120,176660,1472,6080
list-id-s,1,80,4,240,260034,1083,6085
list-id-m,1,80,4,240,252729,1053,8699
list-id-s,4,10,4,120,232224,1935,3394
list-id-m,4,10,4,120,192322,1602,14090
list-id-s,4,20,4,240,207462,864,12037
list-id-m,4,20,4,240,258299,1076,41663
list-id-s,4,40,4,480,417433,869,112736
list-id-m,4,40,4,480,552471,1150,170928
list-id-s,4,80,4,960,824064,858,275783
list-id-m,4,80,4,960,1128894,1175,462436
list-id-s,8,10,4,240,292207,1217,24989
list-id-m,8,10,4,240,379519,1581,50577
list-id-s,8,20,4,480,456958,951,84852
list-id-m,8,20,4,480,600771,1251,215072
list-id-s,8,40,4,960,873059,909,364039
list-id-m,8,40,4,960,1097488,1143,498660
list-id-s,8,80,4,1920,1885001,981,970843
list-id-m,8,80,4,1920,2522021,1313,1504678
list-id-s,12,10,4,360,453713,1260,4810
list-id-m,12,10,4,360,484216,1345,101361
list-id-s,12,20,4,720,583481,810,136449
list-id-m,12,20,4,720,877967,1219,376983
list-id-s,12,40,4,1440,1150613,799,469729
list-id-m,12,40,4,1440,1693651,1176,942169
list-id-s,12,80,4,2880,3270541,1135,2049430
list-id-m,12,80,4,2880,3863270,1341,2530174
list-id-s,16,10,4,480,544177,1133,9943
list-id-m,16,10,4,480,573464,1194,50818
list-id-s,16,20,4,960,672852,700,57415
list-id-m,16,20,4,960,1121364,1168,488409
list-id-s,16,40,4,1920,2143867,1116,1305560
list-id-m,16,40,4,1920,2737292,1425,1676820
list-id-s,16,80,4,3840,4622500,1203,3014894
list-id-m,16,80,4,3840,5165834,1345,3556091
list-none-s,1,1000,1,3000,13177612,4392,81755
list-none-m,1,1000,1,3000,13411586,4470,118688
list-none-s,1,1000,4,3000,3217544,1072,74029
list-none-m,1,1000,4,3000,3665221,1221,88972
list-none-s,1,1000,8,3000,2125715,708,77266
list-none-m,1,1000,8,3000,1942791,647,88780
list-none-s,1,1000,16,3000,1187447,395,79897
list-none-m,1,1000,16,3000,1247723,415,84081
list-none-s,2,1000,1,6000,40784061,6797,16757629
list-none-m,2,1000,1,6000,50784730,8464,25440491
list-none-s,2,1000,4,6000,8942895,1490,1567939
list-none-m,2,1000,4,6000,10531874,1755,2625173
list-none-s,2,1000,8,6000,4510394,751,523446
list-none-m,2,1000,8,6000,5349680,891,1055227
list-none-s,2,1000,16,6000,4562723,760,503928
list-none-m,2,1000,16,6000,5367835,894,1020352
list-none-s,4,1000,1,12000,69258143,5771,28854588
list-none-m,4,1000,1,12000,188913747,15742,131710381
list-none-s,4,1000,4,12000,38650475,3220,14827432
list-none-m,4,1000,4,12000,30541370,2545,13832898
list-none-s,4,1000,8,12000,19291318,1607,4961700
list-none-m,4,1000,8,12000,15581390,1298,5220319
list-none-s,4,1000,16,12000,9593931,799,1663585
list-none-m,4,1000,16,12000,9141230,761,2434842
list-none-s,8,1000,1,24000,531835936,22159,366955716
list-none-m,8,1000,1,24000,649415078,27058,506519420
list-none-s,8,1000,4,24000,78737737,3280,47713111
list-none-m,8,1000,4,24000,84918384,3538,54929469
list-none-s,8,1000,8,24000,33313021,1388,15417800
list-none-m,8,1000,8,24000,35298033,1470,18070033
list-none-s,8,1000,16,24000,16845424,701,5635716
list-none-m,8,1000,16,24000,18823273,784,7464730
list-none-s,12,1000,1,36000,1396963925,38804,1098793966
list-none-m,12,1000,1,36000,1389519411,38597,1137177790
list-none-s,12,1000,4,36000,177315247,4925,124108757
list-none-m,12,1000,4,36000,209050366,5806,158646490
list-none-s,12,1000,8,36000,69980669,1943,41258762
list-none-m,12,1000,8,36000,83231916,2311,54185336
list-none-s,12,1000,16,36000,28840865,801,12635287
list-none-m,12,1000,16,36000,33552010,932,16509037
list-id-none,1,1,4,3,68938,22979,339
list-id-none,1,2,4,6,104579,17429,588
list-id-none,1,4,4,12,83563,6963,452
list-id-none,1,8,4,24,124717,5196,712
list-id-none,1,16,4,48,128515,2677,1087
list-id-none,4,1,4,12,156926,13077,319
list-id-none,4,2,4,24,178488,7437,448
list-id-none,4,4,4,48,168077,3501,555
list-id-none,4,8,4,96,167245,1742,829
list-id-none,8,1,4,24,311671,12986,392
list-id-none,8,2,4,48,309819,6454,345
list-id-none,8,4,4,96,337655,3517,534
list-id-none,8,8,4,192,325615,1695,885
list-id-none,8,16,4,384,333641,868,1363
list-id-none,12,1,4,36,414258,11507,327
list-id-none,12,2,4,72,426891,5929,331
list-id-none,12,4,4,144,443488,3079,503
list-id-none,12,8,4,288,437350,1518,836
list-id-none,12,16,4,576,803655,1395,1788
list-id-none,16,1,4,48,623483,12989,284
list-id-none,16,2,4,96,660758,6882,354
list-id-none,16,4,4,192,762418,3970,611
list-id-none,16,8,4,384,793063,2065,781
list-id-none,16,16,4,768,747410,973,1393
list-id-s,1,10,4,30,124120,4137,1130
list-id-m,1,10,4,30,91446,3048,3743
list-id-s,1,20,4,60,105854,1764,1834
list-id-m,1,20,4,60,113960,1899,4579
list-id-s,1,40,4,120,174204,1451,3344
list-id-m,1,40,4,120,156044,1300,5988
list-id-s,1,80,4,240,244567,1019,6153
list-id-m,1,80,4,240,282623,1177,9218
list-id-s,4,10,4,120,200600,1671,1285
list-id-m,4,10,4,120,177785,1481,15206
list-id-s,4,20,4,240,261477,1089,49797
list-id-m,4,20,4,240,320777,1336,74363
list-id-s,4,40,4,480,400905,835,92330
list-id-m,4,40,4,480,574960,1197,188633
list-id-s,4,80,4,960,861571,897,294192
list-id-m,4,80,4,960,1150675,1198,472603
list-id-s,8,10,4,240,274251,1142,17611
list-id-m,8,10,4,240,392238,1634,87911
list-id-s,8,20,4,480,445550,928,85758
list-id-m,8,20,4,480,654114,1362,219047
list-id-s,8,40,4,960,872303,908,403373
list-id-m,8,40,4,960,1160421,1208,572633
list-id-s,8,80,4,1920,1861444,969,967410
list-id-m,8,80,4,1920,2448942,1275,1415298
list-id-s,12,10,4,360,434610,1207,8027
list-id-m,12,10,4,360,466823,1296,70797
list-id-s,12,20,4,720,712949,990,147529
list-id-m,12,20,4,720,823837,1144,307040
list-id-s,12,40,4,1440,1215590,844,609508
list-id-m,12,40,4,1440,1658774,1151,945025
list-id-s,12,80,4,2880,3217243,1117,1983727
list-id-m,12,80,4,2880,3772833,1310,2535118
list-id-s,16,10,4,480,491412,1023,3506
list-id-m,16,10,4,480,581979,1212,82624
list-id-s,16,20,4,960,722050,752,181181
list-id-m,16,20,4,960,1041413,1084,391473
list-id-s,16,40,4,1920,1993157,1038,1219769
list-id-m,16,40,4,1920,2855293,1487,1924684
list-id-s,16,80,4,3840,4753028,1237,3314813
list-id-m,16,80,4,3840,5246958,1366,3582910
list-none-s,1,1000,1,3000,11453139,3817,86232
list-none-m,1,1000,1,3000,11313430,3771,88124
list-none-s,1,1000,4,3000,3225806,1075,81346
list-none-m,1,1000,4,3000,3179692,1059,82653
list-none-s,1,1000,8,3000,1865728,621,72694
list-none-m,1,1000,8,3000,1976360,658,88401
list-none-s,1,1000,16,3000,1205022,401,73078
list-none-m,1,1000,16,3000,1312401,437,83536
list-none-s,2,1000,1,6000,30333422,5055,10022128
list-none-m,2,1000,1,6000,50103953,8350,24921040
list-none-s,2,1000,4,6000,9060322,1510,1731512
list-none-m,2,1000,4,6000,14930542,2488,3699675
list-none-s,2,1000,8,6000,4455558,742,484330
list-none-m,2,1000,8,6000,5355609,892,1023082
list-none-s,2,1000,16,6000,4591169,765,527366
list-none-m,2,1000,16,6000,3401976,566,606679
list-none-s,4,1000,1,12000,112187262,9348,60862669
list-none-m,4,1000,1,12000,189229862,15769,135962610
list-none-s,4,1000,4,12000,39203757,3266,15591571
list-none-m,4,1000,4,12000,31372029,2614,14508930
list-none-s,4,1000,8,12000,18522659,1543,4834545
list-none-m,4,1000,8,12000,16544612,1378,5591379
list-none-s,4,1000,16,12000,10327745,860,1863417
list-none-m,4,1000,16,12000,9608494,800,2517102
list-none-s,8,1000,1,24000,441161819,18381,297090153
list-none-m,8,1000,1,24000,665093331,27712,526287373
list-none-s,8,1000,4,24000,79896420,3329,48953878
list-none-m,8,1000,4,24000,86388959,3599,55918624
list-none-s,8,1000,8,24000,32332487,1347,14570109
list-none-m,8,1000,8,24000,35797293,1491,18518666
list-none-s,8,1000,16,24000,17345928,722,5738424
list-none-m,8,1000,16,24000,18819453,784,7655756
list-none-s,12,1000,1,36000,1113711677,30936,770341757
list-none-m,12,1000,1,36000,1464003886,40666,1124328845
list-none-s,12,1000,4,36000,148152374,4115,93722198
list-none-m,12,1000,4,36000,185281722,5146,140626123
list-none-s,12,1000,8,36000,56032930,1556,33154700
list-none-m,12,1000,8,36000,68983061,1916,43390547
list-none-s,12,1000,16,36000,24753667,687,11198165
list-none-m,12,1000,16,36000,29692283,824,14550207
list-id-none,1,1,4,3,80093,26697,453
list-id-none,1,2,4,6,108365,18060,396
list-id-none,1,4,4,12,115088,9590,516
list-id-none,1,8,4,24,124507,5187,741
list-id-none,1,16,4,48,147467,3072,1238
list-id-none,4,1,4,12,195953,16329,280
list-id-none,4,2,4,24,167501,6979,333
list-id-none,4,4,4,48,149425,3113,534
list-id-none,4,8,4,96,158125,1647,823
list-id-none,4,16,4,192,204661,1065,1277
list-id-none,8,1,4,24,308254,12843,346
list-id-none,8,2,4,48,367879,7664,367
list-id-none,8,4,4,96,334666,3486,440
list-id-none,8,8,4,192,299819,1561,689
list-id-none,8,16,4,384,416266,1084,1765
list-id-none,12,1,4,36,450376,12510,267
list-id-none,12,2,4,72,363220,5044,322
list-id-none,12,4,4,144,400189,2779,423
list-id-none,16,1,4,48,545529,11365,228
list-id-none,16,2,4,96,547513,5703,292
list-id-none,16,4,4,192,540920,2817,470
list-id-none,16,8,4,384,570094,1484,777
list-id-s,1,10,4,30,136428,4547,1471
list-id-m,1,10,4,30,122634,4087,3729
list-id-s,1,20,4,60,120032,2000,1840
list-id-m,1,20,4,60,130421,2173,6010
list-id-s,1,40,4,120,180705,1505,3420
list-id-m,1,40,4,120,205565,1713,8272
list-id-s,1,80,4,240,272785,1136,6468
list-id-m,1,80,4,240,258362,1076,9755
list-id-s,4,10,4,120,183010,1525,2633
list-id-m,4,10,4,120,166234,1385,11097
list-id-s,4,20,4,240,227888,949,17988
list-id-m,4,20,4,240,296275,1234,69815
list-id-s,4,40,4,480,393771,820,68233
list-id-m,4,40,4,480,554381,1154,202938
list-id-s,4,80,4,960,842673,877,281075
list-id-m,4,80,4,960,1222667,1273,511701
list-id-s,8,10,4,240,261232,1088,4410
list-id-m,8,10,4,240,390535,1627,64010
list-id-s,8,20,4,480,423980,883,68458
list-id-m,8,20,4,480,500560,1042,154793
list-id-s,8,40,4,960,842682,877,369115
list-id-m,8,40,4,960,1188297,1237,611902
list-id-s,8,80,4,1920,1929651,1005,1022910
list-id-m,8,80,4,1920,2338422,1217,1342149
list-id-s,12,10,4,360,433758,1204,14295
list-id-m,12,10,4,360,432593,1201,33428
list-id-s,12,20,4,720,640975,890,214192
list-id-m,12,20,4,720,882368,1225,351278
list-id-s,12,40,4,1440,1234202,857,627141
list-id-m,12,40,4,1440,1659794,1152,915993
list-id-s,12,80,4,2880,3251736,1129,2023503
list-id-m,12,80,4,2880,3955306,1373,2666961
list-id-s,16,10,4,480,530474,1105,6275
list-id-m,16,10,4,480,602872,1255,78470
list-id-s,16,20,4,960,731483,761,190584
list-id-m,16,20,4,960,1117759,1164,420694
list-id-s,16,40,4,1920,2132517,1110,1258904
list-id-m,16,40,4,1920,2619963,1364,1672714
list-id-s,16,80,4,3840,5051570,1315,3395672
list-id-m,16,80,4,3840,5173787,1347,3590682
list-none-s,1,1000,1,3000,11536001,3845,74244
list-none-m,1,1000,1,3000,11322604,3774,82835
list-none-s,1,1000,4,3000,3151593,1050,68898
list-none-m,1,1000,4,3000,3135877,1045,79789
list-none-s,1,1000,8,3000,1889821,629,71001
list-none-m,1,1000,8,3000,1856756,618,80925
list-none-s,1,1000,16,3000,1260387,420,73423
list-none-m,1,1000,16,3000,1288677,429,81467
list-none-s,2,1000,1,6000,43709121,7284,19375970
list-none-m,2,1000,1,6000,49721944,8286,24245149
list-none-s,2,1000,4,6000,15509745,2584,2542942
list-none-m,2,1000,4,6000,15053788,2508,3427344
list-none-s,2,1000,8,6000,8233435,1372,990044
list-none-m,2,1000,8,6000,8716198,1452,1674037
list-none-s,2,1000,16,6000,4889582,814,530635
list-none-m,2,1000,16,6000,4389041,731,709855
list-none-s,4,1000,1,12000,109980325,9165,55364067
list-none-m,4,1000,1,12000,173592494,14466,113681439
list-none-s,4,1000,4,12000,41461599,3455,16273834
list-none-m,4,1000,4,12000,31782708,2648,14679171
list-none-s,4,1000,8,12000,20422232,1701,4944731
list-none-m,4,1000,8,12000,15903413,1325,5329642
list-none-s,4,1000,16,12000,11304263,942,1904030
list-none-m,4,1000,16,12000,9599476,799,2463952
list-none-s,8,1000,1,24000,388388839,16182,220384487
list-none-m,8,1000,1,24000,688777357,28699,549088329
list-none-s,8,1000,4,24000,78071237,3252,47707140
list-none-m,8,1000,4,24000,79756761,3323,51610280
list-none-s,8,1000,8,24000,32734477,1363,15167727
list-none-m,8,1000,8,24000,34192701,1424,17699914
list-none-s,8,1000,16,24000,17243028,718,5767109
list-none-m,8,1000,16,24000,16989160,707,6667847
list-none-s,12,1000,1,36000,786001079,21833,469067873
list-none-m,12,1000,1,36000,1356343457,37676,1034322738
list-none-s,12,1000,4,36000,148064936,4112,105381953
list-none-m,12,1000,4,36000,180933438,5025,137200740
list-none-s,12,1000,8,36000,54362663,1510,32048229
list-none-m,12,1000,8,36000,65472990,1818,41338720
list-none-s,12,1000,16,36000,24523596,681,10892112
list-none-m,12,1000,16,36000,28409903,789,13690096
list-id-none,1,1,4,3,98027,32675,323
list-id-none,1,2,4,6,74041,12340,391
list-id-none,1,4,4,12,111754,9312,504
list-id-none,1,8,4,24,111799,4658,685
list-id-none,1,16,4,48,102523,2135,1152
list-id-none,4,1,4,12,124062,10338,327
list-id-none,4,2,4,24,171588,7149,401
list-id-none,4,4,4,48,151045,3146,555
list-id-none,4,8,4,96,169360,1764,888
list-id-none,4,16,4,192,191455,997,1467
list-id-none,8,1,4,24,254508,10604,303
list-id-none,8,2,4,48,252878,5268,300
list-id-none,8,8,4,192,266164,1386,884
list-id-none,12,1,4,36,380887,10580,227
list-id-none,12,2,4,72,349673,4856,281
list-id-none,12,4,4,144,419333,2912,477
list-id-none,12,8,4,288,473258,1643,597
list-id-none,16,1,4,48,547495,11406,235
list-id-none,16,2,4,96,441939,4603,275
list-id-none,16,4,4,192,490477,2554,417
list-id-none,16,8,4,384,483917,1260,603
list-id-s,1,10,4,30,145112,4837,1357
list-id-m,1,10,4,30,104064,3468,4234
list-id-s,1,20,4,60,114126,1902,1829
list-id-m,1,20,4,60,137564,2292,25697
list-id-s,1,40,4,120,177767,1481,3317
list-id-m,1,40,4,120,176778,1473,5788
list-id-s,1,80,4,240,245629,1023,6195
list-id-m,1,80,4,240,299497,1247,8833
list-id-s,4,10,4,120,189215,1576,6125
list-id-m,4,10,4,120,231207,1926,48566
list-id-s,4,20,4,240,207223,863,17645
list-id-m,4,20,4,240,338317,1409,104138
list-id-s,4,40,4,480,379498,790,53911
list-id-m,4,40,4,480,537502,1119,171086
list-id-s,4,80,4,960,861944,897,283642
list-id-m,4,80,4,960,1162904,1211,449538
list-id-s,8,10,4,240,308417,1285,15400
list-id-m,8,10,4,240,348292,1451,46202
list-id-s,8,20,4,480,417830,870,56225
list-id-m,8,20,4,480,555307,1156,136222
list-id-s,8,40,4,960,836570,871,330426
list-id-m,8,40,4,960,1169625,1218,631426
list-id-s,8,80,4,1920,1764721,919,898268
list-id-m,8,80,4,1920,2488173,1295,1493468
list-id-s,12,10,4,360,407403,1131,9791
list-id-m,12,10,4,360,439087,1219,47675
list-id-s,12,20,4,720,661950,919,204288
list-id-m,12,20,4,720,770733,1070,249031
list-id-s,12,40,4,1440,1288931,895,592751
list-id-m,12,40,4,1440,1552096,1077,803060
list-id-s,12,80,4,2880,3170511,1100,1921222
list-id-m,12,80,4,2880,3994744,1387,2652797
list-id-s,16,10,4,480,521626,1086,3952
list-id-m,16,10,4,480,655858,1366,46985
list-id-s,16,20,4,960,792683,825,184176
list-id-m,16,20,4,960,1118824,1165,415755
list-id-s,16,40,4,1920,2091195,1089,1110212
list-id-m,16,40,4,1920,2826823,1472,1787831
list-id-s,16,80,4,3840,4819745,1255,3341477
list-id-m,16,80,4,3840,5151930,1341,3532326
list-none-s,1,1000,1,3000,11609466,3869,82995
list-none-m,1,1000,1,3000,11394895,3798,83877
list-none-s,1,1000,4,3000,3371797,1123,72828
list-none-m,1,1000,4,3000,3256866,1085,82884
list-none-s,1,1000,8,3000,1826459,608,72678
list-none-m,1,1000,8,3000,1965506,655,82775
list-none-s,1,1000,16,3000,1355935,451,75930
list-none-m,1,1000,16,3000,1264975,421,84154
list-none-s,2,1000,1,6000,44617048,7436,18668401
list-none-m,2,1000,1,6000,53203761,8867,25479113
list-none-s,2,1000,4,6000,15039233,2506,2637136
list-none-m,2,1000,4,6000,14838277,2473,3826803
list-none-s,2,1000,8,6000,8129013,1354,1006347
list-none-m,2,1000,8,6000,5415821,902,1086272
list-none-s,2,1000,16,6000,4602873,767,503681
list-none-m,2,1000,16,6000,3295018,549,547213
list-none-s,4,1000,1,12000,140359189,11696,78439003
list-none-m,4,1000,1,12000,174743062,14561,116260386
list-none-s,4,1000,4,12000,35845946,2987,14419862
list-none-m,4,1000,4,12000,32095439,2674,14806175
list-none-s,4,1000,8,12000,16807513,1400,4544989
list-none-m,4,1000,8,12000,15519189,1293,5295335
list-none-s,4,1000,16,12000,10589372,882,1933304
list-none-m,4,1000,16,12000,9570023,797,2548373
list-none-s,8,1000,1,24000,430533592,17938,255973412
list-none-m,8,1000,1,24000,574547952,23939,461728242
list-none-s,8,1000,4,24000,77580279,3232,47395945
list-none-m,8,1000,4,24000,81398985,3391,52183534
list-none-s,8,1000,8,24000,34713445,1446,16284552
list-none-m,8,1000,8,24000,37134213,1547,19381687
list-none-s,8,1000,16,24000,17073031,711,5621078
list-none-m,8,1000,16,24000,18159631,756,7228046
list-none-s,12,1000,1,36000,1278655292,35518,930152470
list-none-m,12,1000,1,36000,1229186162,34144,905117997
list-none-s,12,1000,4,36000,146829562,4078,101239444
list-none-m,12,1000,4,36000,183377719,5093,139344516
list-none-s,12,1000,8,36000,57767269,1604,34182879
list-none-m,12,1000,8,36000,69370788,1926,44252394
list-none-s,12,1000,16,36000,25224945,700,11095675
list-none-m,12,1000,16,36000,32020122,889,15524086
list-id-none,1,1,4,3,88247,29415,317
list-id-none,1,2,4,6,96825,16137,422
list-id-none,1,4,4,12,117673,9806,506
list-id-none,1,8,4,24,99808,4158,761
list-id-none,1,16,4,48,116999,2437,1554
list-id-none,4,1,4,12,106485,8873,346
list-id-none,4,2,4,24,146674,6111,360
list-id-none,4,4,4,48,136184,2837,526
list-id-none,4,8,4,96,162256,1690,791
list-id-none,4,16,4,192,240326,1251,1396
list-id-none,8,1,4,24,267605,11150,263
list-id-none,8,2,4,48,263503,5489,370
list-id-none,8,4,4,96,307597,3204,649
list-id-none,12,1,4,36,405337,11259,241
list-id-none,12,2,4,72,513050,7125,324
list-id-none,12,4,4,144,548828,3811,472
list-id-none,12,8,4,288,497328,1726,672
list-id-none,16,1,4,48,525794,10954,228
list-id-none,16,2,4,96,556357,5795,280
list-id-none,16,8,4,384,571627,1488,648
list-id-s,1,10,4,30,124252,4141,1213
list-id-m,1,10,4,30,176380,5879,5664
list-id-s,1,20,4,60,125875,2097,2035
list-id-m,1,20,4,60,233057,3884,6314
list-id-s,1,40,4,120,189810,1581,3301
list-id-m,1,40,4,120,255709,2130,7937
list-id-s,1,80,4,240,278663,1161,6131
list-id-m,1,80,4,240,261912,1091,9520
list-id-s,4,10,4,120,207702,1730,20788
list-id-m,4,10,4,120,223348,1861,43800
list-id-s,4,20,4,240,257833,1074,40218
list-id-m,4,20,4,240,348598,1452,77919
list-id-s,4,40,4,480,441153,919,123835
list-id-m,4,40,4,480,627977,1308,251077
list-id-s,4,80,4,960,834968,869,284518
list-id-m,4,80,4,960,1104209,1150,402301
list-id-s,8,10,4,240,323012,1345,6479
list-id-m,8,10,4,240,348773,1453,4299
list-id-s,8,20,4,480,503178,1048,137662
list-id-m,8,20,4,480,606314,1263,217148
list-id-s,8,40,4,960,885628,922,358932
list-id-m,8,40,4,960,1275780,1328,597551
list-id-s,8,80,4,1920,2018050,1051,1071634
list-id-m,8,80,4,1920,2520934,1312,1499073
list-id-s,12,10,4,360,512775,1424,4709
list-id-m,12,10,4,360,507575,1409,106279
list-id-s,12,20,4,720,596475,828,174396
list-id-m,12,20,4,720,880073,1222,356325
list-id-s,12,40,4,1440,1322580,918,602221
list-id-m,12,40,4,1440,1670637,1160,826431
list-id-s,12,80,4,2880,3286446,1141,1866427
list-id-m,12,80,4,2880,4022176,1396,2736315
list-id-s,16,10,4,480,540316,1125,6612
list-id-m,16,10,4,480,604679,1259,76756
list-id-s,16,20,4,960,667099,694,99654
list-id-m,16,20,4,960,1088303,1133,401730
list-id-s,16,40,4,1920,2152964,1121,1275355
list-id-m,16,40,4,1920,2887823,1504,1887709
list-id-s,16,80,4,3840,4984186,1297,3399363
list-id-m,16,80,4,3840,5244925,1365,3593191
list-none-s,1,1000,1,3000,12999670,4333,80025
list-none-m,1,1000,1,3000,11505267,3835,90111
list-none-s,1,1000,4,3000,3243744,1081,74186
list-none-m,1,1000,4,3000,3270081,1090,85455
list-none-s,1,1000,8,3000,1807885,602,73329
list-none-m,1,1000,8,3000,1893399,631,84631
list-none-s,1,1000,16,3000,1287584,429,73270
list-none-m,1,1000,16,3000,1312353,437,89366
list-none-s,2,1000,1,6000,39991892,6665,14209232
list-none-m,2,1000,1,6000,49252144,8208,24632767
list-none-s,2,1000,4,6000,13354969,2225,2321071
list-none-m,2,1000,4,6000,14444723,2407,3720945
list-none-s,2,1000,8,6000,4655571,775,605986
list-none-m,2,1000,8,6000,8121189,1353,1646604
list-none-s,2,1000,16,6000,2598222,433,234481
list-none-m,2,1000,16,6000,5171085,861,941184
list-none-s,4,1000,1,12000,104088578,8674,58796415
list-none-m,4,1000,1,12000,170033548,14169,119119206
list-none-s,4,1000,4,12000,39350283,3279,14898385
list-none-m,4,1000,4,12000,31529405,2627,14612390
list-none-s,4,1000,8,12000,18252067,1521,5047885
list-none-m,4,1000,8,12000,16263783,1355,5581055
list-none-s,4,1000,16,12000,10298057,858,1734027
list-none-m,4,1000,16,12000,9459291,788,2469760
list-none-s,8,1000,1,24000,585231404,24384,429046402
list-none-m,8,1000,1,24000,628859321,26202,496685162
list-none-s,8,1000,4,24000,79318018,3304,48107571
list-none-m,8,1000,4,24000,83800703,3491,54062379
list-none-s,8,1000,8,24000,33103178,1379,15779988
list-none-m,8,1000,8,24000,36272507,1511,18843711
list-none-s,8,1000,16,24000,16581849,690,5486664
list-none-m,8,1000,16,24000,18193795,758,7086604
list-none-s,12,1000,1,36000,1338135075,37170,1057674429
list-none-m,12,1000,1,36000,1459317859,40536,1232962105
list-none-s,12,1000,4,36000,156123791,4336,112686890
list-none-m,12,1000,4,36000,178606925,4961,135305979
list-none-s,12,1000,8,36000,55159001,1532,33015533
list-none-m,12,1000,8,36000,67333310,1870,42278974
list-none-s,12,1000,16,36000,24322836,675,10790884
list-none-m,12,1000,16,36000,29521579,820,14454275
list-id-none,1,1,4,3,66528,22176,310
list-id-none,1,2,4,6,109033,18172,357
list-id-none,1,4,4,12,73227,6102,497
list-id-none,1,8,4,24,146786,6116,681
list-id-none,1,16,4,48,137928,2873,1151
list-id-none,4,1,4,12,141534,11794,309
list-id-none,4,2,4,24,152620,6359,364
list-id-none,4,4,4,48,187119,3898,517
list-id-none,4,8,4,96,175388,1826,674
list-id-none,4,16,4,192,196191,1021,1364
list-id-none,8,1,4,24,279570,11648,527
list-id-none,8,2,4,48,248089,5168,306
list-id-none,8,4,4,96,242528,2526,421
list-id-none,8,8,4,192,307075,1599,696
list-id-none,12,1,4,36,393501,10930,237
list-id-none,12,2,4,72,429419,5964,294
list-id-none,12,4,4,144,543338,3773,479
list-id-none,12,8,4,288,456886,1586,921
list-id-none,16,1,4,48,555776,11578,250
list-id-none,16,4,4,192,694951,3619,377
list-id-s,1,10,4,30,119461,3982,1154
list-id-m,1,10,4,30,121993,4066,12803
list-id-s,1,20,4,60,127454,2124,1996
list-id-m,1,20,4,60,130976,2182,6414
list-id-s,1,40,4,120,203780,1698,3192
list-id-m,1,40,4,120,185572,1546,6154
list-id-s,1,80,4,240,297242,1238,6596
list-id-m,1,80,4,240,297013,1237,10759
list-id-s,4,10,4,120,160709,1339,2650
list-id-m,4,10,4,120,212796,1773,2455
list-id-s,4,20,4,240,224062,933,26767
list-id-m,4,20,4,240,335681,1398,99585
list-id-s,4,40,4,480,417147,869,117517
list-id-m,4,40,4,480,536354,1117,162784
list-id-s,4,80,4,960,761203,792,245776
list-id-m,4,80,4,960,1100402,1146,437692
list-id-s,8,10,4,240,347734,1448,4739
list-id-m,8,10,4,240,449081,1871,103390
list-id-s,8,20,4,480,420344,875,95912
list-id-m,8,20,4,480,546280,1138,141876
list-id-s,8,40,4,960,846031,881,390290
list-id-m,8,40,4,960,1110646,1156,540371
list-id-s,8,80,4,1920,1979210,1030,1123896
list-id-m,8,80,4,1920,2639063,1374,1597201
list-id-s,12,10,4,360,448300,1245,2241
list-id-m,12,10,4,360,484307,1345,70718
list-id-s,12,20,4,720,571877,794,106616
list-id-m,12,20,4,720,874140,1214,339705
list-id-s,12,40,4,1440,1292702,897,641159
list-id-m,12,40,4,1440,1645532,1142,856206
list-id-s,12,80,4,2880,3185203,1105,1985427
list-id-m,12,80,4,2880,3786540,1314,2448409
list-id-s,16,10,4,480,592342,1234,2382
list-id-m,16,10,4,480,664685,1384,169723
list-id-s,16,20,4,960,860296,896,264622
list-id-m,16,20,4,960,1054981,1098,422440
list-id-s,16,40,4,1920,2050670,1068,1193034
list-id-m,16,40,4,1920,2736114,1425,1731124
list-id-s,16,80,4,3840,4972647,1294,3381749
list-id-m,16,80,4,3840,5053630,1316,3406477
list-none-s,1,1000,1,3000,11368266,3789,72956
list-none-m,1,1000,1,3000,11457085,3819,84508
list-none-s,1,1000,4,3000,3248168,1082,79929
list-none-m,1,1000,4,3000,3276484,1092,83848
list-none-s,1,1000,8,3000,1845230,615,74204
list-none-m,1,1000,8,3000,1816207,605,83606
list-none-s,1,1000,16,3000,1222603,407,74616
list-none-m,1,1000,16,3000,1250221,416,86604
list-none-s,2,1000,1,6000,40857950,6809,20057042
list-none-m,2,1000,1,6000,49588877,8264,24811629
list-none-s,2,1000,4,6000,8874235,1479,1572394
list-none-m,2,1000,4,6000,10535665,1755,2662760
list-none-s,2,1000,8,6000,4544829,757,548276
list-none-m,2,1000,8,6000,5474665,912,1122256
list-none-s,2,1000,16,6000,2659445,443,269496
list-none-m,2,1000,16,6000,3184408,530,555770
list-none-s,4,1000,1,12000,97010606,8084,45686203
list-none-m,4,1000,1,12000,169696227,14141,110382098
list-none-s,4,1000,4,12000,37304977,3108,14515497
list-none-m,4,1000,4,12000,32278153,2689,14876539
list-none-s,4,1000,8,12000,18640009,1553,4594890
list-none-m,4,1000,8,12000,15119448,1259,5048681
list-none-s,4,1000,16,12000,10818306,901,1931687
list-none-m,4,1000,16,12000,8737485,728,2280294
list-none-s,8,1000,1,24000,579928016,24163,413373750
list-none-m,8,1000,1,24000,657604599,27400,509136042
list-none-s,8,1000,4,24000,77294554,3220,46265414
list-none-m,8,1000,4,24000,92184276,3841,59605420
list-none-s,8,1000,8,24000,33209995,1383,15654314
list-none-m,8,1000,8,24000,36387511,1516,18607452
list-none-s,8,1000,16,24000,16531222,688,5344289
list-none-m,8,1000,16,24000,17583439,732,7056630
list-none-s,12,1000,1,36000,880227283,24450,553824282
list-none-m,12,1000,1,36000,1424174410,39560,1160350329
list-none-s,12,1000,4,36000,149201331,4144,101909441
list-none-m,12,1000,4,36000,201268709,5590,153547151
list-none-s,12,1000,8,36000,56218769,1561,33286733
list-none-m,12,1000,8,36000,68116386,1892,43251322
list-none-s,12,1000,16,36000,24588521,683,10936009
list-none-m,12,1000,16,36000,29592737,822,14276021
list-id-none,1,1,4,3,83053,27684,353
list-id-none,1,2,4,6,115728,19288,391
list-id-none,1,4,4,12,78418,6534,534
list-id-none,1,8,4,24,129104,5379,721
list-id-none,1,16,4,48,142970,2978,1144
list-id-none,4,1,4,12,193822,16151,341
list-id-none,4,2,4,24,213086,8878,514
list-id-none,4,4,4,48,176152,3669,515
list-id-none,4,8,4,96,197839,2060,817
list-id-none,4,16,4,192,170384,887,1188
list-id-none,8,1,4,24,335357,13973,266
list-id-none,8,2,4,48,335016,6979,315
list-id-none,8,4,4,96,343293,3575,543
list-id-none,8,8,4,192,293303,1527,800
list-id-none,12,1,4,36,388392,10788,278
list-id-none,12,2,4,72,403022,5597,293
list-id-none,12,4,4,144,407074,2826,415
list-id-none,12,8,4,288,366011,1270,645
list-id-none,16,1,4,48,506337,10548,237
list-id-none,16,2,4,96,476711,4965,295
list-id-none,16,4,4,192,523973,2729,437
list-id-none,16,8,4,384,578255,1505,669
list-id-s,1,10,4,30,134133,4471,1547
list-id-m,1,10,4,30,109719,3657,4871
list-id-s,1,20,4,60,161539,2692,2000
list-id-m,1,20,4,60,134560,2242,5366
list-id-s,1,40,4,120,159435,1328,3417
list-id-m,1,40,4,120,177395,1478,6736
list-id-s,1,80,4,240,298325,1243,6215
list-id-m,1,80,4,240,265406,1105,11139
list-id-s,4,10,4,120,196593,1638,7387
list-id-m,4,10,4,120,211926,1766,19103
list-id-s,4,20,4,240,264124,1100,29207
list-id-m,4,20,4,240,361204,1505,109574
list-id-s,4,40,4,480,368117,766,78597
list-id-m,4,40,4,480,579514,1207,206921
list-id-s,4,80,4,960,817906,851,290852
list-id-m,4,80,4,960,1158224,1206,473225
list-id-s,8,10,4,240,330325,1376,5209
list-id-m,8,10,4,240,434668,1811,114374
list-id-s,8,20,4,480,425657,886,70303
list-id-m,8,20,4,480,571998,1191,158740
list-id-s,8,40,4,960,911540,949,386064
list-id-m,8,40,4,960,1162470,1210,591243
list-id-s,8,80,4,1920,1977856,1030,1076658
list-id-m,8,80,4,1920,2518531,1311,1434842
list-id-s,12,10,4,360,442588,1229,3931
list-id-m,12,10,4,360,490202,1361,3193
list-id-s,12,20,4,720,570280,792,107659
list-id-m,12,20,4,720,856236,1189,304415
list-id-s,12,40,4,1440,1255105,871,588192
list-id-m,12,40,4,1440,1642995,1140,878796
list-id-s,12,80,4,2880,3373780,1171,2151922
list-id-m,12,80,4,2880,3982454,1382,2586902
list-id-s,16,10,4,480,575139,1198,13879
list-id-m,16,10,4,480,657231,1369,73798
list-id-s,16,20,4,960,716039,745,79490
list-id-m,16,20,4,960,1061244,1105,300732
list-id-s,16,40,4,1920,2217301,1154,1333098
list-id-m,16,40,4,1920,2557161,1331,1623575
list-id-s,16,80,4,3840,5166140,1345,3607940
list-id-m,16,80,4,3840,5118543,1332,3509639
list-none-s,1,1000,1,3000,11396145,3798,76277
list-none-m,1,1000,1,3000,11481390,3827,85516
list-none-s,1,1000,4,3000,3779473,1259,90578
list-none-m,1,1000,4,3000,3319283,1106,85133
list-none-s,1,1000,8,3000,2116865,705,95849
list-none-m,1,1000,8,3000,2122648,707,89829
list-none-s,1,1000,16,3000,1372551,457,82918
list-none-m,1,1000,16,3000,1279327,426,91310
list-none-s,2,1000,1,6000,49949314,8324,23117796
list-none-m,2,1000,1,6000,54171461,9028,27085354
list-none-s,2,1000,4,6000,14084140,2347,2354563
list-none-m,2,1000,4,6000,12838035,2139,3308613
list-none-s,2,1000,8,6000,4525622,754,527395
list-none-m,2,1000,8,6000,8110407,1351,1590902
list-none-s,2,1000,16,6000,4839622,806,482358
list-none-m,2,1000,16,6000,5426638,904,940566
list-none-s,4,1000,1,12000,180426121,15035,114024316
list-none-m,4,1000,1,12000,180891537,15074,125478929
list-none-s,4,1000,4,12000,35189862,2932,14621469
list-none-m,4,1000,4,12000,30044967,2503,13516024
list-none-s,4,1000,8,12000,16508126,1375,4177823
list-none-m,4,1000,8,12000,16273322,1356,5542000
list-none-s,4,1000,16,12000,10554586,879,1847558
list-none-m,4,1000,16,12000,8971082,747,2294216
list-none-s,8,1000,1,24000,631577569,26315,498112325
list-none-m,8,1000,1,24000,637151759,26547,479244717
list-none-s,8,1000,4,24000,77608797,3233,46852389
list-none-m,8,1000,4,24000,84250529,3510,54100894
list-none-s,8,1000,8,24000,32679538,1361,15118452
list-none-m,8,1000,8,24000,35876700,1494,18810183
list-none-s,8,1000,16,24000,17122470,713,5500298
list-none-m,8,1000,16,24000,18280138,761,7123536
list-none-s,12,1000,1,36000,941620270,26156,593072273
list-none-m,12,1000,1,36000,1457812302,40494,1195637246
list-none-s,12,1000,4,36000,164412355,4567,119004880
list-none-m,12,1000,4,36000,191617527,5322,146203562
list-none-s,12,1000,8,36000,58601044,1627,34999454
list-none-m,12,1000,8,36000,101551283,2820,66681461
list-none-s,12,1000,16,36000,29467596,818,13051675
list-none-m,12,1000,16,36000,36795271,1022,19205283
list-id-none,1,1,4,3,73472,24490,340
list-id-none,1,2,4,6,84480,14080,451
list-id-none,1,4,4,12,121221,10101,496
list-id-none,1,8,4,24,150649,6277,733
list-id-none,1,16,4,48,128592,2679,2033
list-id-none,4,1,4,12,196814,16401,435
list-id-none,4,2,4,24,181069,7544,445
list-id-none,4,4,4,48,181512,3781,566
list-id-none,4,8,4,96,196467,2046,810
list-id-none,4,16,4,192,284938,1484,1307
list-id-none,8,1,4,24,360462,15019,346
list-id-none,8,2,4,48,386049,8042,371
list-id-none,8,4,4,96,394241,4106,611
list-id-none,8,8,4,192,358907,1869,863
list-id-none,12,1,4,36,405675,11268,279
list-id-none,12,2,4,72,567680,7884,320
list-id-none,12,4,4,144,482606,3351,401
list-id-none,12,16,4,576,607457,1054,1556
list-id-none,16,1,4,48,520580,10845,233
list-id-none,16,2,4,96,581137,6053,328
list-id-none,16,4,4,192,497130,2589,451
list-id-none,16,8,4,384,562069,1463,605
list-id-s,1,10,4,30,145705,4856,1270
list-id-m,1,10,4,30,132221,4407,5414
list-id-s,1,20,4,60,162541,2709,2045
list-id-m,1,20,4,60,137972,2299,6385
list-id-s,1,40,4,120,178715,1489,3330
list-id-m,1,40,4,120,203415,1695,7630
list-id-s,1,80,4,240,301028,1254,6217
list-id-m,1,80,4,240,273757,1140,10736
list-id-s,4,10,4,120,169060,1408,8870
list-id-m,4,10,4,120,229324,1911,47918
list-id-s,4,20,4,240,220656,919,45119
list-id-m,4,20,4,240,317544,1323,65484
list-id-s,4,40,4,480,426050,887,125934
list-id-m,4,40,4,480,544961,1135,186090
list-id-s,4,80,4,960,837338,872,284049
list-id-m,4,80,4,960,1116881,1163,443981
list-id-s,8,10,4,240,341704,1423,45472
list-id-m,8,10,4,240,390884,1628,79078
list-id-s,8,20,4,480,425428,886,69220
list-id-m,8,20,4,480,586428,1221,165913
list-id-s,8,40,4,960,890144,927,411529
list-id-m,8,40,4,960,1134490,1181,567271
list-id-s,8,80,4,1920,2001376,1042,1031975
list-id-m,8,80,4,1920,2446351,1274,1420755
list-id-s,12,10,4,360,581521,1615,2991
list-id-m,12,10,4,360,487041,1352,84501
list-id-s,12,20,4,720,661877,919,136157
list-id-m,12,20,4,720,860923,1195,207845
list-id-s,12,40,4,1440,1297885,901,632963
list-id-m,12,40,4,1440,1798707,1249,1046999
list-id-s,12,80,4,2880,3379766,1173,2167966
list-id-m,12,80,4,2880,3932451,1365,2641181
list-id-s,16,10,4,480,606063,1262,4057
list-id-m,16,10,4,480,694910,1447,153767
list-id-s,16,20,4,960,730621,761,151217
list-id-m,16,20,4,960,1061163,1105,437181
list-id-s,16,40,4,1920,1983462,1033,1153503
list-id-m,16,40,4,1920,2664927,1387,1756663
list-id-s,16,80,4,3840,4960953,1291,3306968
list-id-m,16,80,4,3840,5232746,1362,3540385
list-none-s,1,1000,1,3000,11603550,3867,72334
list-none-m,1,1000,1,3000,15102135,5034,135371
list-none-s,1,1000,4,3000,3292105,1097,72293
list-none-m,1,1000,4,3000,3293539,1097,99511
list-none-s,1,1000,8,3000,1924092,641,72416
list-none-m,1,1000,8,3000,1943180,647,82720
list-none-s,1,1000,16,3000,1239457,413,73242
list-none-m,1,1000,16,3000,1683124,561,112783
list-none-s,2,1000,1,6000,56812877,9468,26120395
list-none-m,2,1000,1,6000,50150491,8358,23943110
list-none-s,2,1000,4,6000,15694006,2615,2400657
list-none-m,2,1000,4,6000,15485532,2580,3794564
list-none-s,2,1000,8,6000,8215622,1369,868561
list-none-m,2,1000,8,6000,8549360,1424,1682438
list-none-s,2,1000,16,6000,4639846,773,530093
list-none-m,2,1000,16,6000,5120526,853,851187
list-none-s,4,1000,1,12000,141363368,11780,83302285
list-none-m,4,1000,1,12000,187932987,15661,137471950
list-none-s,4,1000,4,12000,38885104,3240,15914130
list-none-m,4,1000,4,12000,31607640,2633,14668435
list-none-s,4,1000,8,12000,20726218,1727,5148959
list-none-m,4,1000,8,12000,16174374,1347,5532331
list-none-s,4,1000,16,12000,11273511,939,1978564
list-none-m,4,1000,16,12000,8854962,737,2274204
list-none-s,8,1000,1,24000,579702657,24154,431424061
list-none-m,8,1000,1,24000,651248937,27135,509089114
list-none-s,8,1000,4,24000,77611879,3233,45980684
list-none-m,8,1000,4,24000,80901624,3370,52021262
list-none-s,8,1000,8,24000,32981746,1374,15332152
list-none-m,8,1000,8,24000,34036902,1418,17489747
list-none-s,8,1000,16,24000,17247905,718,5712327
list-none-m,8,1000,16,24000,17607078,733,6988926
list-none-s,12,1000,1,36000,1090055416,30279,756330200
list-none-m,12,1000,1,36000,1391233616,38645,1108034172
list-none-s,12,1000,4,36000,150259968,4173,106098888
list-none-m,12,1000,4,36000,178141675,4948,134882919
list-none-s,12,1000,8,36000,57660046,1601,33679702
list-none-m,12,1000,8,36000,69054643,1918,43431324
list-none-s,12,1000,16,36000,24809636,689,11022814
list-none-m,12,1000,16,36000,30669549,851,14891913
list-id-none,1,1,4,3,110920,36973,320
list-id-none,1,2,4,6,69738,11623,417
list-id-none,1,4,4,12,101005,8417,528
list-id-none,1,8,4,24,84566,3523,696
list-id-none,1,16,4,48,134861,2809,1150
list-id-none,4,1,4,12,148742,12395,345
list-id-none,4,2,4,24,150465,6269,382
list-id-none,4,4,4,48,176363,3674,683
list-id-none,4,8,4,96,149080,1552,848
list-id-none,8,1,4,24,285384,11891,302
list-id-none,8,2,4,48,295005,6145,329
list-id-none,8,4,4,96,286469,2984,480
list-id-none,12,1,4,36,387614,10767,253
list-id-none,12,2,4,72,460819,6400,342
list-id-none,12,4,4,144,417019,2895,588
list-id-none,16,1,4,48,507477,10572,227
list-id-none,16,2,4,96,507582,5287,289
list-id-none,16,8,4,384,545585,1420,718
list-none-s,1,1000,1,3000,11481458,3827,73333
list-none-m,1,1000,1,3000,11489402,3829,84173
list-none-s,2,1000,1,6000,42435531,7072,21149910
list-none-m,2,1000,1,6000,50506776,8417,25251060
list-none-s,4,1000,1,12000,80643457,6720,35011756
list-none-m,4,1000,1,12000,184416121,15368,132704161
list-none-s,8,1000,1,24000,335544124,13981,198957866
list-none-m,8,1000,1,24000,610577356,25440,466451364
list-none-s,12,1000,1,36000,1222542557,33959,867868934
list-none-m,12,1000,1,36000,1506386295,41844,1158106447
list-none-s,16,1000,1,48000,2084229199,43421,1342649407
list-none-m,16,1000,1,48000,2269081394,47272,1764504906
list-none-s,24,1000,1,72000,5484643087,76175,3993153433
list-none-m,24,1000,1,72000,4984018424,69222,3713484582
list-id-s,1,10,4,30,112999,3766,1183
list-id-m,1,10,4,30,87149,2904,3184
list-id-s,1,20,4,60,111374,1856,1767
list-id-m,1,20,4,60,115100,1918,4087
list-id-s,1,40,4,120,163087,1359,3269
list-id-m,1,40,4,120,186526,1554,5995
list-id-s,1,80,4,240,259079,1079,6236
list-id-m,1,80,4,240,252388,1051,9280
list-id-s,4,10,4,120,187065,1558,4758
list-id-m,4,10,4,120,196750,1639,26073
list-id-s,4,20,4,240,228495,952,22580
list-id-m,4,20,4,240,295176,1229,63391
list-id-s,4,40,4,480,405646,845,81182
list-id-m,4,40,4,480,596058,1241,221573
list-id-s,4,80,4,960,897803,935,287467
list-id-m,4,80,4,960,1093783,1139,447842
list-id-s,8,10,4,240,323277,1346,9375
list-id-m,8,10,4,240,374310,1559,65750
list-id-s,8,20,4,480,411428,857,39186
list-id-m,8,20,4,480,603508,1257,228401
list-id-s,8,40,4,960,886032,922,438171
list-id-m,8,40,4,960,1087829,1133,396330
list-id-s,8,80,4,1920,1908643,994,929101
list-id-m,8,80,4,1920,2465611,1284,1468338
list-id-s,12,10,4,360,401959,1116,5909
list-id-m,12,10,4,360,443004,1230,53807
list-id-s,12,20,4,720,583976,811,135111
list-id-m,12,20,4,720,771328,1071,288292
list-id-s,12,40,4,1440,1190774,826,598411
list-id-m,12,40,4,1440,1638244,1137,824357
list-id-s,12,80,4,2880,3225619,1120,2017750
list-id-m,12,80,4,2880,3703029,1285,2352047
list-id-s,16,10,4,480,475881,991,7232
list-id-m,16,10,4,480,684731,1426,128667
list-id-s,16,20,4,960,787023,819,212594
list-id-m,16,20,4,960,1039978,1083,381050
list-id-s,16,40,4,1920,1974965,1028,1115578
list-id-m,16,40,4,1920,2720226,1416,1727979
list-id-s,16,80,4,3840,4973140,1295,3421128
list-id-m,16,80,4,3840,5143205,1339,3661153
list-none-s,1,1000,1,3000,11634356,3878,78260
list-none-m,1,1000,1,3000,11517044,3839,83999
list-none-s,1,1000,4,3000,3325256,1108,85371
list-none-m,1,1000,4,3000,3370352,1123,85166
list-none-s,1,1000,8,3000,1824149,608,73321
list-none-m,1,1000,8,3000,1935083,645,85332
list-none-s,1,1000,16,3000,1222097,407,73300
list-none-m,1,1000,16,3000,1278058,426,83770
list-none-s,2,1000,1,6000,41325084,6887,16489634
list-none-m,2,1000,1,6000,48930781,8155,23417737
list-none-s,2,1000,4,6000,8992323,1498,1674726
list-none-m,2,1000,4,6000,10592993,1765,2709788
list-none-s,2,1000,8,6000,4635249,772,590313
list-none-m,2,1000,8,6000,5437902,906,1077305
list-none-s,2,1000,16,6000,2632953,438,242883
list-none-m,2,1000,16,6000,3147589,524,498764
list-none-s,4,1000,1,12000,124089609,10340,64139409
list-none-m,4,1000,1,12000,168158797,14013,116987777
list-none-s,4,1000,4,12000,38984221,3248,15875169
list-none-m,4,1000,4,12000,30708301,2559,14306422
list-none-s,4,1000,8,12000,20594093,1716,5218028
list-none-m,4,1000,8,12000,15914733,1326,5503418
list-none-s,4,1000,16,12000,9781402,815,1644314
list-none-m,4,1000,16,12000,9068308,755,2393378
list-none-s,8,1000,1,24000,396597360,16524,239828147
list-none-m,8,1000,1,24000,675680667,28153,516516684
list-none-s,8,1000,4,24000,79470219,3311,48440565
list-none-m,8,1000,4,24000,85663303,3569,55371385
list-none-s,8,1000,8,24000,32263975,1344,14906141
list-none-m,8,1000,8,24000,38262940,1594,20086221
list-none-s,8,1000,16,24000,16645639,693,5355847
list-none-m,8,1000,16,24000,18202664,758,7086624
list-none-s,12,1000,1,36000,1564608850,43461,1327537305
list-none-m,12,1000,1,36000,1413695679,39269,1173878915
list-none-s,12,1000,4,36000,151031218,4195,105912579
list-none-m,12,1000,4,36000,178159501,4948,134851529
list-none-s,12,1000,8,36000,57012218,1583,34009811
list-none-m,12,1000,8,36000,68766746,1910,43267970
list-none-s,12,1000,16,36000,25774503,715,11156970
list-none-m,12,1000,16,36000,29322098,814,14097325
list-id-none,1,1,4,3,70243,23414,320
list-id-none,1,2,4,6,100246,16707,412
list-id-none,1,4,4,12,99883,8323,510
list-id-none,1,8,4,24,94424,3934,679
list-id-none,1,16,4,48,127251,2651,1172
list-id-none,4,1,4,12,165933,13827,397
list-id-none,4,2,4,24,114581,4774,347
list-id-none,4,4,4,48,149456,3113,587
list-id-none,4,16,4,192,182497,950,1426
list-id-none,8,1,4,24,298995,12458,329
list-id-none,8,2,4,48,320521,6677,327
list-id-none,12,1,4,36,498807,13855,241
list-id-none,12,2,4,72,394003,5472,328
list-id-none,12,4,4,144,370628,2573,385
list-id-none,16,1,4,48,540883,11268,224
list-id-none,16,2,4,96,558363,5816,300
list-id-none,16,4,4,192,530269,2761,399
list-id-none,16,8,4,384,594940,1549,655
list-none-s,1,1000,1,3000,15522400,5174,117373
list-none-m,1,1000,1,3000,15743477,5247,150905
list-none-s,2,1000,1,6000,44175037,7362,14987840
list-none-m,2,1000,1,6000,40311653,6718,12524315
list-none-s,4,1000,1,12000,145105631,12092,69889838
list-none-m,4,1000,1,12000,129944605,10828,55773805
list-none-s,8,1000,1,24000,807902067,33662,557084598
list-none-m,8,1000,1,24000,541034297,22543,337936485
list-none-s,12,1000,1,36000,1708840272,47467,1180658830
list-none-m,12,1000,1,36000,371265070,10312,174377078
list-none-s,16,1000,1,48000,4497385093,93695,3703696214
list-none-m,16,1000,1,48000,2641652769,55034,1902497291
list-none-s,24,1000,1,72000,6963044249,96708,4748862537
list-none-m,24,1000,1,72000,4657359688,64685,2988114571
list-id-s,1,10,4,30,118056,3935,1780
list-id-m,1,10,4,30,125809,4193,4267
list-id-s,1,20,4,60,139532,2325,2879
list-id-m,1,20,4,60,209568,3492,5635
list-id-s,1,40,4,120,304459,2537,4977
list-id-m,1,40,4,120,202865,1690,7817
list-id-s,1,80,4,240,326736,1361,9647
list-id-m,1,80,4,240,329970,1374,14020
list-id-s,4,10,4,120,31759999,264666,20972372
list-id-m,4,10,4,120,266673,2222,19123
list-id-s,4,20,4,240,16561456,69006,11147719
list-id-m,4,20,4,240,498317,2076,159633
list-id-s,4,40,4,480,28393176,59152,19919727
list-id-m,4,40,4,480,2408421,5017,647123
list-id-s,4,80,4,960,16479205,17165,1852266
list-id-m,4,80,4,960,5229792,5447,237041
list-id-s,8,10,4,240,41661024,173587,22386171
list-id-m,8,10,4,240,576065,2400,149680
list-id-s,8,20,4,480,888924,1851,53083
list-id-m,8,20,4,480,3223983,6716,4606
list-id-s,8,40,4,960,2947914,3070,75927
list-id-m,8,40,4,960,5452096,5679,1433163
list-id-s,8,80,4,1920,1761608,917,30228
list-id-m,8,80,4,1920,6579378,3426,3968478
list-id-s,12,10,4,360,6054840,16819,9802
list-id-m,12,10,4,360,1271120,3530,561090
list-id-s,12,20,4,720,5078066,7052,31713
list-id-m,12,20,4,720,2111638,2932,1111615
list-id-s,12,40,4,1440,9109856,6326,462158
list-id-m,12,40,4,1440,33299537,23124,622230
list-id-s,12,80,4,2880,926858931,321826,779924558
list-id-m,12,80,4,2880,47915901,16637,24221954
list-id-s,16,10,4,480,435062138,906379,308309959
list-id-m,16,10,4,480,2618172,5454,1156302
list-id-s,16,20,4,960,21686723,22590,863912
list-id-m,16,20,4,960,13325039,13880,1901794
list-id-s,16,40,4,1920,669287344,348587,530639651
list-id-m,16,40,4,1920,29568605,15400,6198
list-id-s,16,80,4,3840,35968638,9366,1574709
list-id-m,16,80,4,3840,56293033,14659,26097564
list-none-s,1,1000,1,3000,15781985,5260,117275
list-none-m,1,1000,1,3000,17345425,5781,347569
list-none-s,1,1000,4,3000,4929628,1643,116680
list-none-m,1,1000,4,3000,4539257,1513,138595
list-none-s,1,1000,8,3000,2563406,854,115933
list-none-m,1,1000,8,3000,2837333,945,167059
list-none-s,1,1000,16,3000,1929045,643,110171
list-none-m,1,1000,16,3000,22059962,7353,138294
list-none-s,2,1000,1,6000,38230105,6371,8461943
list-none-m,2,1000,1,6000,47228960,7871,16572880
list-none-s,2,1000,4,6000,11016339,1836,2018859
list-none-m,2,1000,4,6000,14945501,2490,5707398
list-none-s,2,1000,8,6000,5329310,888,113507
list-none-m,2,1000,8,6000,14148313,2358,2640948
list-none-s,2,1000,16,6000,3347448,557,325680
list-none-m,2,1000,16,6000,10637300,1772,137345
list-none-s,4,1000,1,12000,199967059,16663,115997632
list-none-m,4,1000,1,12000,152199994,12683,91773430
list-none-s,4,1000,4,12000,33988772,2832,11844241
list-none-m,4,1000,4,12000,36233771,3019,19295427
list-none-s,4,1000,8,12000,19798959,1649,5253183
list-none-m,4,1000,8,12000,18638366,1553,5337505
list-none-s,4,1000,16,12000,9378424,781,216727
list-none-m,4,1000,16,12000,10585196,882,5279436
list-none-s,8,1000,1,24000,264891239,11037,137630831
list-none-m,8,1000,1,24000,309869183,12911,158571106
list-none-s,8,1000,4,24000,123870738,5161,45936600
list-none-m,8,1000,4,24000,142501349,5937,76605832
list-none-s,8,1000,8,24000,64230054,2676,20582587
list-none-m,8,1000,8,24000,79524556,3313,38584021
list-none-s,8,1000,16,24000,19961154,831,1225967
list-none-m,8,1000,16,24000,23838077,993,1598161
list-none-s,12,1000,1,36000,1625530219,45153,945724549
list-none-m,12,1000,1,36000,820316992,22786,496576033
list-none-s,12,1000,4,36000,246022726,6833,132941267
list-none-m,12,1000,4,36000,179834986,4995,69776279
list-none-s,12,1000,8,36000,222967492,6193,141468410
list-none-m,12,1000,8,36000,141706190,3936,63218865
list-none-s,12,1000,16,36000,95327978,2647,46336032
list-none-m,12,1000,16,36000,102681794,2852,45553335
list-id-none,1,1,4,3,25899997,8633332,617
list-id-none,1,2,4,6,28513000,4752166,673
list-id-none,1,4,4,12,31488085,2624007,1142
list-id-none,1,8,4,24,32221542,1342564,1981
list-id-none,1,16,4,48,35323815,735912,2143
list-id-none,4,1,4,12,25148780,2095731,510
list-id-none,4,2,4,24,287961,11998,453
list-id-none,4,4,4,48,511566,10657,638
list-id-none,4,16,4,192,422392,2199,1776
list-id-none,8,1,4,24,3654112,152254,384
list-id-none,8,16,4,384,42481628,110629,2019
list-id-none,12,2,4,72,45517715,632190,775
list-id-none,16,1,4,48,57461603,1197116,522
list-id-none,16,2,4,96,33194402,345775,708
